장소,분류,운영시간,관광추천시간,주소
남이섬,"섬/반도, 해변",08:00-21:00 영업,3-4시간,강원도 춘천시 남산면 남이섬길 1
강원도립화목원,도시 공원,10:00-18:00 영업,2시간,대한민국 강원도 춘천시 신사우동 화목원길 24
정동진,도시 랜드 마크,연중무휴,2-4시간,대한민국 강릉시 강동면
쏠비치 양양 오션플레이,"리조트, 온천 리조트",정보없음,정보없음,강원도 양양군 손양면 선사유적로 678
설악산 국립공원,"산, 국립공원, 등산",09:00-18:00 영업,0.5-1일,강원도 양양군 서면약수길 설악산국립공원 오색남 설악 매표소
경포대,사적지,연중무휴,1-2시간,강원도 강릉시 저동 경포로 365
설악 워터피아,"온천 리조트, 워터파크, 테마파크","월요일, 목요일-일요일 10:00-18:30 영업",2시간,강원도 속초시 장사동 24-1
경포해변,해안,00:00-23:59 영업,1-2시간,강원도 강릉시 강동산 1번지
제이드가든수목원,식물원,09:00-18:00 영업,1-2시간,강원도 춘천시 남산면 햇골길 80
춘천시,도시 랜드 마크,연중무휴,1일,강원도 춘천시
속초등대전망대,"전망대, 등대",07:00-18:30 영업;06:00-20:00 영업,0.5-1시간,강원도 속초시 영금정로5길 8-28
낙산사,사찰,06:00-19:30 영업,1시간,강원도 양양군 강현면 전진1리 215-853
하슬라 아트월드,테마파크,월요일 09:00-18:30 영업;화요일-일요일 09:00-18:00 영업,2-3시간,강원도 강릉시 강동면 율곡로 1441
대관령양떼목장,"농장, 초원",09:00-16:30 영업,2시간,강원도 평창군 대관령면 꽃밭양지길 708-9
주문진해변,해변,연중무휴,1-3시간,강원도 강릉 주문진읍 향호리 8-35
속초해수욕장,"목욕탕, 해변",1-2시간,정보없음,강원도 속초 일출로 190
바다열차,해안,80분,정보없음,강원도 삼청시 갈천동 수로부인길 542
아바이 마을,농촌,연중무휴,2시간,강원도 속초시 서후동 122
오색 탄산온천,온천 리조트,06:00-22:00 영업,3시간,강원도 양양군 오색리 511
강문해변,해변,연중무휴,2-3시간,강원도 강릉 창해로350번길 15-1 (우) 25467
오죽헌,사적지,09:00-17:00 영업,1-2시간,강원도 강릉시 경포동 율곡로3139번길 24
모래시계 공원,도시 공원,00:00-23:59 영업,0.5-1시간,강원도 강릉시 강동면 한화로 990-1
비발디파크 오션월드,"유원지, 야외 스키",2시간,정보없음,강원도 홍천시 서면 한치골길 262
하이원 리조트,"리조트, 온천 리조트",2-3시간,정보없음,강원도 정선시 사북읍 하이원길 265-1
하조대,사적지,00:00-23:59 영업,정보없음,강원 양양군 현북면 하광정리
메타세콰이어가로수길,숲,연중무휴,1-2시간,강원 춘천시 동내면 거두리~동면 장학리 구간
테디베어팜,전시홀,"월요일, 수요일-금요일 10:00-18:00 영업;토요일-일요일 10:00-18:00 영업",1시간,강원도 속초시 노학동 1073-66
망상 해수욕장,"해변, 해안",연중무휴,3-5시간,대한민국 강원도 동해시 망상동 동해대로 망상 해수욕장
스카이워크전망대,"전망대, 하이킹",09:00-18:00 영업;09:00-17:00 영업,2시간,강원도 춘천시 근화동 영서로 2675
묵호항,항구/항만,연중무휴,2-3시간,동해시 묵호항
원조초당순두부,"전통 마을, 농촌",08:00-16:30 영업,1-2시간,강원도 강릉시 강문동 초당순두부길 47
신흥사,사찰,4:00-19:00 영업,1시간,강원도 속초시 설악동 설악산로 1137
정동진 시간박물관,박물관,09:00-18:00 영업,1-2시간,대한민국 강원도 강릉시 강동면 헌화로 990-1
통일전망대,전망대,09:00-16:30 영업,1시간,강원도 고성군 현내면 마차진리 188
강릉선교장,사적지,09:00-17:00 영업,1-2시간,강원도 강릉시 경포동 운정길 63
홍천온천원탕,온천 리조트,09:00-19:00 영업,1-2시간,강원도 홍천군 북방면 소매곡리 24-2
설악테디베어뮤지엄,박물관,09:00-19:00 영업,2시간,강원도 고성군 토성면 원암리 403-1
정관루,역사 건축물,4일,정보없음,강원도 춘천시 남산면 방하리 198-1
뮤지엄 산,박물관,화요일-일요일 10:00-18:00 영업,2-3시간,대한민국 강원도 원주시 지정면 오크밸리2길 260
환선굴,동굴,08:00-18:00 영업,2-3시간,강원도 삼척 신기면 환선로 800
안목해변,해변,00:00-23:59 영업,3-4시간,대한민국 강원도 강릉시 견소동 286 안목해변
엘리시안강촌스키리조트,"리조트, 야외 스키",09:00-04:00 영업,2-3일,대한민국 강원도 춘천시 남산면 북한강변길 688
알펜시아리조트스키장,리조트,08:30-22:00 영업,1-2일,강원도 평창군 대관령면 솔봉로 325
정동진 해돋이공원,도시 공원,00:00-23:59 영업,2시간,강원도 강릉시 강동면 정동진리
화진포해수욕장,해안,연중무휴,2시간,대한민국 강원도 고성군 거진읍 화포리 1
삼척해양레일바이크,"하이킹/사이클링, 하이킹/사이클링, 해안",09:00-18:00 영업,2-3시간,강원도 삼척시 미숙면 몽촌리 146-10
춘천 명동 닭갈비 골목,테마 거리,연중무휴,2-3시간,강원도 춘천시 조운동 명동길 9
대포항,항구/항만,연중무휴,2시간,대한민국 속초시 대포동
에디슨과학박물관,박물관,10:00-17:00 영업,1-2시간,대한민국 강원도 강릉시 저동 경포로 393
엑스포타워상징탑,전망대,9:00-21:30 영업,1-2시간,대한민국 강원도 속초시 조양동
알펜시아리조트스키장&알파인코스터,"리조트, 야외 스키",08:30-22:00 영업,4시간,강원도 평창군 대관령면 솔봉로 325
김유정 문학촌,농촌,화요일-일요일 09:30-17:30 영업,1일,춘천시 신동면 강원도 춘천시 신동면 실레길 25
삼팔선,군사 시설,연중무휴,1시간,경기도 포천시 영중면 호국로 3020
오대산국립공원,국립공원,00:00-23:59 영업,1-2일,"강원도 평창군 진푸면 동산리 도암면 평리리, 양구면 신왕리"
청초호,기타 종교 시설,연중무휴,1시간,강원도 속초 청호동
애니메이션박물관,박물관,화요일-일요일 10:00-18:00 영업,2시간,대한민국 강원도 춘천시 서면 박사로 854
대관령양떼목장,"농장, 농촌",09:00-18:30 영업,2시간,강원도 평창군 대관령 대관령마루길 483-32
촛대 바위,지질 명소,00:00-23:59 영업,2-3시간,강원도 동해 추암동 (우) 240-220
하이원리조트 알파인코스터,"리조트, 케이블카, 현대 건축물",09:00-16:30 영업,2시간,강원도 정선군
춘천중앙시장,테마 거리,월요일-토요일 08:35-20:30 영업,3시간,강원도 춘천시 중앙로2가 42-18
설악케이블카,케이블카,09:00-17:30 영업,5-10분,강원도 속초 설악동 설악산국립공원 내부
대명비발디파크 스키월드,야외 스키,08:00-22:30 영업,3시간,강원도 홍천군 서면시 합천리 1290-14
장호항,,연중무휴,2시간,삼척시 장호항
용평스키여행,"리조트, 산, 야외 스키",월요일-금요일 09:00-18:00 영업;토요일 09:00-15:00 영업;일요일 휴무,2-5시간,강원도 평창군 대관령면 130
월정사,사찰,연중무휴,2-4시간,강원도 평창군 진부면 오대산로
강촌레일파크,도시 공원,09:00-17:30 영업,2-3시간,강원 춘천시 신동면 증리 323-2
낙산 해수욕장,해변,06:00-23:59 영업,2-3시간,강원도 양양시 강현면 주청리 1
사천해변,"해변, 해안",2-3시간,정보없음,강원도 강릉시 샤카와해수욕장 877
권금성,사적지,06:00-18:00 영업,1-2시간,강원도 속초 설악동 설악산국립공원내 (우) 217-120
정동진 조각공원,테마파크,00:00-23:59 영업,2-3시간,대한민국 강원도 강릉시 강동면 정동진리 50-10
경포호철새서식지,호수,1시간,정보없음,"강원도 강릉시 강동동, 윤정동, 강문동(경포대 앞)"
소양강댐,수자원 시설,연중무휴,1-2시간,춘천시 신북읍 소양강댐
오크밸리 스키 리조트,야외 스키,0.5-1일,정보없음,강원도 원주시 정지면 판대리 577-19
영랑호,호수,연중무휴,1-2시간,속초시 영랑호
미천골계곡,"폭포, 산, 숲","월요일, 수요일-일요일 09:00-18:00 영업",정보없음,대한민국 강원도 양양군 서면 서림리
두타산 자연휴양림,숲,09:00-18:00 영업,0.5-1일,대한민국 강원도 평창군 진부면 아차골길
묵호 등대 해양 문화 공간,등대,7:00-17:30 영업,1-2시간,강원도 동해 묵호진동 (우) 210-824
화암동굴,동굴,9:00-18:00 영업,1.5-2시간,강원도 정선시 화암면 화암리 540
DMZ 박물관,"박물관, 전시홀",화요일-일요일 09:00-18:00 영업,1-2시간,대한민국 강원도 고성군 현내면 통일전망대로 369
울산암각화박물관,"산, 지질 명소, 등산",2-5시간,정보없음,강원도 속초 설악동 설악산국립공원 내부
강릉통일공원,테마파크,00:00-23:59 영업,1-3시간,대한민국 강원도 강릉시 강동면 율곡로 1715-38
조도,습지,2-3시간,정보없음,전라남도 진도군 도시마도
운암정 베이커리카페,농촌 체험,11:30-21:00 영업,0.5-1일,대한민국 강원도 정선군 사북읍 하이원길 265
휘닉스 평창,야외 스키,09:00-17:00 영업,1일,강원도 평창군 봉평면 태기로 228-33
천곡황금박쥐동굴,동굴,09:00-18:00 영업,1-2시간,대한민국 강원도 동해시 동굴로
국립춘천박물관,박물관,화요일-일요일 09:00-18:00 영업,1-2시간,강원도 춘천 우석로 70 (우) 200-933
척산 족욕공원,온천 리조트,09:00-18:00 영업,1시간,광광로 277 | 강원도 속초 척산온천지구 일대
소양강처녀상,조각상/조각품,00:00-23:59 영업,0.5-2시간,대한민국 강원도 춘천시 근화동 영서로 2675
금강굴,동굴,8:00-17:00 영업,1-2시간,대한민국 강원도 속초시 설악동
아라나비,유원지,화요일-일요일 10:00-17:00 영업;월요일 휴무,2-3시간,대한민국 강릉시 성덕동 강원도 강릉시 남항진동 1-4번지(남항진 해변)
고성 공룡박물관,박물관,화요일-일요일 09:00-18:00 영업,2-3시간,강원도 고성군 하이면 자라만로 618 (우) 638-931
사천진해변,해변,연중무휴,정보없음,대한민국 강릉시 사천진해변
척산온천장,"온천 리조트, 스파",05:30-20:00 영업,2시간,강원도 속초시 노학동 939-7
허브나라농원,"농장, 정원",09:00-18:30 영업,1-2시간,대한민국 강원도 평창군 봉평면 흥정계곡길 225
동굴신비관,동굴,09:00-18:00 영업,1-2시간,대한민국 삼척시 강원도 삼척시 엑스포로 69 (성남동)
아라리촌,"민속촌, 농촌",09:00-18:00 영업,정보없음,대한민국 강원도 정선군 정선읍 애산로 37
웰리힐리파크,"리조트, 야외 스키",정보없음,정보없음,강원 횡성군 둔내면 고원로 451
소양강스카이워크,전망대,10:00-21:00 영업,1-2시간,대한민국 강원도 춘천시 근화동 영서로 2675
치악산국립공원,국립공원,1/1-3/31 05:00-13:00 영업;4/1-10/31 04:00-14:00 영업;11/1-12/31 05:00-13:00 영업,0.5-1일,강원도 원주시 소초면 무쇠점2길 26
별마로천문대,박물관,화요일-일요일 14:00-22:00 영업,2-3시간,대한민국 강원도 영월군 영월읍 영흥리 154-3
대관령박물관,박물관,09:00-18:00 영업,1-3시간,대한민국 강원도 강릉시 성산면 대관령옛길 1
대관령자연휴양림,"숲, 국립공원","월요일, 수요일-일요일 09:00-18:00 영업",3-4시간,대한민국 강원도 강릉시 성산면 삼포암길 133
추암해수욕장,해변,연중무휴,2-3시간,강원도 동해 촛대바위길
무릉계곡,협곡,09:00-20:00 영업,0.5-1일,대한민국 강원도 동해시
백담사(百潭寺),사찰,00:00-23:59 영업,1-2시간,대한민국 강원도 인제군 북면 백담로 746
강원드라마갤러리,아트 갤러리,09:00-18:00 영업,1시간,강원도 춘천시 퇴계동 770-3
공지천 유원지,도시 공원,연중무휴,2-3시간,대한민국 강원도 춘천시 근화동
외옹치,해안,2-3시간,정보없음,대한민국 속초시
비룡폭포,폭포,04:00-12:00 영업;03:00-14:00 영업,2-4시간,강원도 속초시 대포동 설악산로
죽서루,역사 건축물,09:00-18:00 영업,1-2시간,대한민국 강원도 삼척시 죽서루길 37
영월 한반도 지형,도시 랜드 마크,00:00-23:59 영업,0.5-1일,대한민국 강원도 영월군 한반도면 한반도로 555
원주 한지테마파크,테마파크,화요일-일요일 09:00-17:30 영업,2-3시간,강원도 원주시 한지공원길 151
영월 장릉,사적지,09:00-18:00 영업,1-2시간,"강원도 영월시 영월읍 단종로 190, 26225, 우"
춘천막국수체험박물관,박물관,화요일-일요일 10:00-17:00 영업,2-3시간,강원도 춘천 신북읍 산천1리 342-1 200-822
새천년해안도로,해안,연중무휴,2-3시간,강원도 삼척시 새천년도로 61-18
태백산 국립공원,국립공원,0.5-1일,정보없음,강원도 태백 태백산로 4778 (우) 26043
가평레일파크,기타 관광 투어,정보없음,정보없음,대한민국 가평군
강릉단오문화관,"유네스코 세계문화유산, 전시홀",월요일-금요일 09:00-18:00 영업;토요일-일요일 휴무,정보없음,강원도 강릉 단오장길 1 (우) 210-932
박경리 문학공원,박물관,10:00-17:00 영업,2-3시간,대한민국 강원도 원주시 단구동 토지길 1
오션 700,워터파크,"월요일, 수요일-일요일 10:00-17:30 영업",4시간,강원도 평창군 대관령면 송봉로 325
새비재골,협곡,1시간,정보없음,강원도 정선군 신동관
천당폭포,폭포,연중무휴,2-4시간,대한민국 강원도 속초시 설악동 설악산국립공원
JSKI,"캠핑장, 경기장/스타디움",정보없음,정보없음,서면 한서로 2217 | 강원도 홍천군 스노우뷰 25103
포천한탄강 표류,"래프팅, 강",정보없음,정보없음,"강원군, 강원군, 강원도, 강원도"
덕풍 계곡 마을,협곡,0.5-1일,정보없음,강원도 삼척 가곡면 풍고간길 17-18
강원도 바다열차,기타 관광 투어,1-3시간,정보없음,강원도 강릉시 강동 118
강원도민회공원,,정보없음,정보없음,울산광역시 남구 삼산동
대승폭포,폭포,03:00-13:00 영업,30분,강원도 인제군 북쪽 한시 3마일
천주교 풍수원 성당,기타 종교 시설,8:00-18:00 영업,1-2시간,대한민국 강원도 횡성군 서원면 경강로유현1길 30
하이원 리조트,"리조트, 야외 스키",08:30-19:00 영업,2시간,강원도 정선군 고한읍 사북읍 하이원길 265-1
한국자생식물원,식물원,화요일-일요일 09:00-17:00 영업,2시간,강원도 평창군 대관리면 비안로 159-4
파슈파티나트 힌두사원,마을,연중무휴,1일,대한민국 강원도
중도관광리조트,섬/반도,09:00-21:00 영업,2-3시간,강원도 춘천시 미카와동 200번지
대청봉,"산, 등산",0.5-1일,정보없음,강원도 속초 설악동 설악산국립공원 내부
휴휴암,광장,1-2시간,정보없음,대한민국 강원도 양양군 현남면 광진리 1
하늬라벤더팜,식물원,"9/1-9/30 월요일, 수요일-일요일 10:00-17:00 영업",2-3시간,대한민국 강원도 고성군 간성읍 꽃대마을길 175 KR
춘천미술관,박물관,10:00-18:00 영업,2-3시간,대한민국 강원도 춘천시 옥천동 73-2
월정리역(月井里驛),사적지,정보없음,정보없음,대한민국 강원도 철원군 철원읍 홍원리 692-2
(주)브라운5번가,테마 거리,연중무휴,1시간,대한민국 춘천시 죽림동 189번지 춘천시 강원도 KR
만경대,사적지,연중무휴,1-2시간,대한민국 강원도 동해시 구미동 산53
발왕산,산,0.5-1일,정보없음,대한민국 강원도 평창군 대관령면 용산리
속초시립박물관,박물관,화요일-일요일 09:00-18:00 영업,2-3시간,대한민국 속초시 강원도 속초시 신흥2길 16
이효석문학관,숲,09:00-21:00 영업,0.5-1일,대한민국 강원도 평창군 봉평면 창동리 544-3
오크밸리 스키장,도시 공원,정보없음,정보없음,"577-20 Pandae-ri, Jijeong-myeon, Wonju-si, Gangwon-do, 대한민국"
피크아일랜드,워터파크,"월요일-화요일, 목요일-일요일 10:00-18:00 영업",0.5-1일,대한민국 강원도 평창군 대관령면 올림픽로 715
대금굴,동굴,월요일-토요일 10:45-20:00 영업,2시간,강원도 신기면 신도로 800원
화진포 해양박물관,"박물관, 아쿠아리움",09:00-18:00 영업,정보없음,대한민국 강원도 고성군 현내면 화진포길 412
방태산 자연휴양림,숲,"월요일, 수요일-일요일 09:00-18:00 영업",0.5-1일,강원도 인제군 기린면 방태산길 241 (우) 24656
강촌유원지,농촌,연중무휴,2-3시간,대한민국 강원도 춘천시 남산면 강촌리
낙산사,"역사 건축물, 사적지",연중무휴,1-2시간,강원도 양양군 강현면 낙산사로 100
천불동계곡,"지질 명소, 협곡",2-4시간,정보없음,강원도 속초 설악동 설악산국립공원 내부
석봉도자기미술관,"박물관, 미술관",화요일-일요일 09:00-18:00 영업,0.5-1시간,대한민국 강원도 속초시 교동 엑스포로 156
흥정계곡,협곡,2-6시간,정보없음,대한민국 강원도 평창군 봉평면 흥정리
횡성온천,"호수, 온천 리조트",7:00-21:00 영업,정보없음,횡선시 갑천면
해신당공원,도시 공원,월요일-금요일 09:00-18:00 영업,정보없음,대한민국 강원도 삼척시 원덕읍 삼척로 1852-6
동강사진박물관,박물관,10:00-17:00 영업,2-3시간,강원도 영월군 영월읍 하송1리 217-2 (우) 230-808
가트배 보트,,정보없음,정보없음,강원도 속초시 청호로 122
얼라이브하트,트릭 아트 박물관,10:00-18:00 영업,정보없음,대한민국 강원도 속초시 노학동 원암학사평길 88
설악해맞이공원,도시 공원,연중무휴,1-2시간,대한민국 강원도 속초시 대포동 178-9
화진포,호수,1/1-2/28(겨울) 09:00-17:30 영업;3/1-10/31(여름) 09:00-18:00 영업;11/1-12/31(겨울) 09:00-17:30 영업,2-3시간,대한민국 강원도 고성군 거진읍 화진포길 280
삼탄아트마인,이색 체험,09:00-18:00 영업;09:30-17:30 영업,1시간,"강원도, 정선, 고한읍, 1445-44"
연곡해변,해변,연중무휴,정보없음,대한민국 강릉시 연곡해변
삼부연폭포,폭포,00:00-23:59 영업,1-3시간,대한민국 강원도 철원군 갈말읍 삼부연로 216
가곡자연휴양림,"폭포, 숲",00:00-23:59 영업,정보없음,대한민국 강원도 삼척시 가곡면 풍곡리
블루 캐년,워터파크,09:00-20:00 영업,2-3시간,"1088-1 Myeonon-ri, Bongpyeong-myeon, Pyeongchang-gun, Gangwon-do"
이효석 문화마을,"박물관, 문화 관광 단지",연중무휴,1시간,대한민국 강원도 평창군 봉평면 창동리
청대산,산,0.5-1일,정보없음,대한민국 속초시 청대산
정선 레일바이크,"하이킹/사이클링, 하이킹/사이클링",08:30-16:40 영업,90분,강원도 정선시 여량면 노추산로 745
삼척문화예술회관,극장,1-2시간,정보없음,대한민국 강원도 삼척시 엑스포로 45
능파대,지질 명소,정보없음,정보없음,강원도 고성군 주광면 문암진리
한솔오크밸리스키장,야외 스키,09:00-22:30 영업,1일,강원 원주시 지정면 오크밸리2길 58월송리 1016
태백고원자연휴양림,숲,화요일-일요일 00:00-23:59 영업,정보없음,대한민국 강원도 태백시 철암동 머리골길 153
오투리조트,야외 스키,"월요일-화요일, 금요일-일요일 09:00-22:00 영업;수요일-목요일 08:30-21:30 영업",1일,대한민국 강원도 태백시 삼수동 서학로 861 오투리조트
상원사,기타 종교 시설,2-4시간,정보없음,강원도 원주시 신림면 산성남리 171 (우) 220-860
원주역사박물관,박물관,화요일-일요일 09:00-18:00 영업,정보없음,대한민국 강원도 원주시 봉산동 봉산로 134
삼화사,기타 종교 시설,1-2시간,정보없음,강원도 동해 삼화동 176 (우) 240-350
비선대,하이킹,2-3시간,정보없음,대한민국 Seoraksan 북면 Inje-gun
삼척온천,"온천 리조트, 스파",05:00-21:00 영업,정보없음,강원도 삼척시 동해대로 4098
을지전망대,전망대,화요일-일요일 09:00-18:00 영업,1시간,대한민국 강원도 양구군 해안면 현2리
양구선사박물관,박물관,화요일-일요일 09:00-18:00 영업,정보없음,강원도 양구 양구읍 금강산로 439-54 (우) 24520
범산목장,농장,정보없음,정보없음,대한민국 강원도 횡성군 우천면 하대리 49
무이예술관,"미술관, 파인 아트 갤러리","월요일-화요일, 목요일-일요일 10:00-21:00 영업",정보없음,대한민국 강원도 평창군 봉평면 사리평길 233 KR
엑스포공원,도시 공원,정보없음,정보없음,강원도 삼척시 성남동 1-5
6.25 전쟁체험전시관,,정보없음,정보없음,대한민국 강원도 고성군 현내면 명호리 88-8
인제산촌민속박물관,박물관,영업시간 추후 공지,정보없음,대한민국 강원도 인제군 인제읍 상동리 415-1
정선 알파인 경기장,,정보없음,정보없음,대한민국 강원도 정선군 북평면 숙암리 산400
오세암,기타 종교 시설,1-2시간,정보없음,대한민국 강원도 인제군 북면 백담로 1325
황지연못,호수,00:00-23:59 영업,2-3시간,"황지 연못, 황지동 태백시 강원도 대한민국"
강원경찰박물관,박물관,화요일-일요일 09:30-17:00 영업,정보없음,강원도 춘천 신북읍 신사엠밭로 361
태백석탄박물관,박물관,화요일-일요일 09:00-18:00 영업,100-130분,강원도 태백 천제단길 195 (우) 235-030
오산리 선사유적박물관,박물관,09:00-18:00 영업,2-3시간,대한민국 강원도 양양군 손양면 오산리 51
검봉산 자연휴양림,산,"월요일, 수요일-일요일 09:00-18:00 영업",정보없음,강원도 삼척 원덕읍 임원안길 525-145 25956
범바위,지질 명소,0.5-1시간,정보없음,대한민국 강원도 속초시 금호동 610-21
알펜시아 스키점프센터,"전망대, 경기장/스타디움","월요일, 수요일-일요일 09:20-16:50 영업",정보없음,강원도 평창군 대관령면 솔봉로 325 (우) 25351
철의삼각전적지,"역사 건축물, 군사 시설",정보없음,정보없음,강원도 철원 (우) 269-810
대한불교조계종 수타사,기타 종교 시설,정보없음,정보없음,대한민국 강원도 홍천군 동면 수타사로 473
검룡소,호수,정보없음,정보없음,강원도 태백시 창죽동
춘천시구곡폭포관광지관리사무소,폭포,2시간,정보없음,강원도 춘천 남산면 강촌구곡길 314-1
청동 동상,조각상/조각품,8:00-17:00 영업,0.5-2시간,강원도 속초 설악동 설악산국립공원 내부
원주 구룡사 보광루,기타 종교 시설,1-2시간,정보없음,대한민국 강원도 원주시 소초면 학곡리 1029
서울 종가 김치 체험관,공장,1-3시간,정보없음,헝성군 헝성읍 목리 43-2
이승복기념관,박물관,1/1-2/28(겨울) 09:00-17:00 영업;3/1-10/31(여름) 09:00-18:00 영업;11/1-12/31(겨울) 09:00-17:00 영업,2-3시간,대한민국 강원도 평창군 용평면 노동리 327-2
스키911,경기장/스타디움,07:00-23:00 영업,정보없음,강원도 평창군 올림픽로 10 (우) 25347
조선민화박물관,박물관,수요일-일요일 09:00-18:00 영업,정보없음,대한민국 강원도 영월군 김삿갓면 김삿갓로 432-10
홍천생명건강과학관,박물관,화요일-일요일 09:00-17:00 영업,정보없음,대한민국 강원도 홍천군 홍천읍 연봉리 100-1
학무정,사적지,1-2시간,정보없음,대한민국 강원도 속초시 도문동
법흥사,"사찰, 역사 건축물",정보없음,정보없음,대한민국 강원도 영월군 수주면 법흥리 519-2
영금정,사적지,00:00-23:59 영업,정보없음,강원도 속초 영금정로 24 (우) 24824
월드온천24,온천 리조트,정보없음,정보없음,대한민국 강원도 춘천시 신북읍 산천리 310-13
Cheongpyeongsa Temple,사찰,1-2시간,정보없음,"810 Obongsan-gil, Buksan-myeon, Chuncheon-si, Gangwon-do"
Cheongnyeongpo,"지질 명소, 사적지",09:00-18:00 영업,0.5일,"Gwangcheon-ri, Nam-myeon, Yeongwol-gun, Gangwon-do"
철원 평화전망대,천문대,"월요일, 수요일-일요일 09:30-16:30 영업",정보없음,대한민국 강원도 철원군 동송읍 중강리 588-14
철원 노동당사,사적지,00:00-23:59 영업,1-2시간,대한민국 강원도 철원군 철원읍 관전리 3-5
금당계곡,래프팅,2-4시간,정보없음,강원도 평창군 대화면 개수리
중앙동,테마 거리,연중무휴,정보없음,강원도 속초시 중앙동
흔들바위,,정보없음,정보없음,강원 속초시 설악산로 833
양구통일관,,1/1-2/28(겨울) 09:00-17:00 영업;3/1-10/31(여름) 09:00-18:00 영업;11/1-12/31(겨울) 09:00-17:00 영업,정보없음,강원도 양구 해안면 해안서화로 35 (우) 24562
평창볼링센타,"훈련장, 경기장/스타디움, 볼링장",1-2시간,정보없음,대한민국 강원도 평창군 평창읍 종부리 495-7
마리소리골 악기박물관,박물관,수요일-일요일 09:00-18:00 영업,정보없음,강원도 홍천군 서석면 마리소리길 207 (우) 25167
해수바이오유황온천,,정보없음,정보없음,대한민국 경상남도 고성군 고성읍 신월리 592
남부탁구장,경기장/스타디움,정보없음,정보없음,강원도 원주시 명륜1동 26
일현미술관,박물관,화요일-일요일 10:00-18:00 영업,2-3시간,강원도 양양군 손양면 선사유적로 359
쌍 폭포,폭포,1-3시간,정보없음,강원도 동해시 삼화동
화천민속박물관,박물관,화요일-일요일 09:00-17:30 영업,정보없음,강원도 화천군 하남면 춘화로 3337
강원종합박물관,박물관,08:00-19:00 영업,정보없음,강원도 삼척시 신기면 신기리 375-4
보광사,"기타 종교 시설, 사적지",정보없음,정보없음,강원도 횡성군 횡성읍 남산로160번길 75 25242
향호저수지,호수,연중무휴,정보없음,강릉시 향호저수지
아들바위공원,호수,00:00-23:59 영업,정보없음,강원도 강릉 주문진읍 구소방서길 9-1 (우) 25414
밀양시립박물관,박물관,화요일-일요일 09:00-18:00 영업,정보없음,강원도 영월군 교동 485-4
운무산,"산, 하이킹",정보없음,정보없음,강원도 횡성군 청일면 속실길 25253
섬안관광농원,테마파크,정보없음,정보없음,강원도 영월군 무릉도원면 도원운학로 867 (우) 26201
도원유원지,,정보없음,정보없음,강원도 고성군 토성면 도원1리
국제현대미술관,박물관,1/1-6/30(겨울) 09:00-17:00 영업;7/1-8/31(여름) 09:00-18:00 영업;9/1-12/31(겨울) 09:00-17:00 영업,정보없음,강원도 영월군 영월읍 사목길 31 26223
미술관 자작나무숲,박물관,영업시간 추후 공지,정보없음,강원 횡성군 우천면 한우로두곡5길 186 두곡리 5
세계민속악기박물관,박물관,화요일-일요일 09:30-17:30 영업,정보없음,강원 영월군 남면 연당로 123 송정회관
팔랑민속관,,정보없음,정보없음,강원도 양구군 양구읍 중리 50-1
태백문화예술회관 대공연장,공연,정보없음,정보없음,강원도 태백 황지동 49-226
어라연 계곡,협곡,연중무휴,정보없음,강원도 영월군 영월읍 문산리
커피커퍼박물관,,정보없음,정보없음,강원도 강릉시 강문동 146-7
하늘마루염소목장,농장,10:00-18:00 영업,정보없음,"대한민국 강원도 평창군 방림면 삼형제길 297, 강원도 평창군"
구와우마을,,정보없음,정보없음,"강원도 태백 구와우길 26024, 대한민국"
구암갤러리,,정보없음,정보없음,강원도 춘천 동산면 원창리 1102-3
아리랑학교 추억의 박물관,박물관,화요일-일요일 10:00-18:00 영업,정보없음,강원도 정선군 신동읍 방제1리 162
백마고지전적지,도시 랜드 마크,연중무휴,정보없음,강원도 철원 철원읍 대마1길 72 (우) 24000
에스테틱황후,,정보없음,정보없음,강원도 춘천시 동면 만천리 450-1
나무향기한증막,스파,영업시간 추후 공지,정보없음,대한민국 강원도 춘천시 삼천동
필례약수터,,정보없음,정보없음,강원도 인제군 인제읍 귀둔리
제이스키,"캠핑장, 경기장/스타디움",08:30-21:00 영업,정보없음,대관령면 솔봉로 325 | 강원도 평창군 알펜시아 리조트
동호목욕탕,,정보없음,정보없음,강원도 횡성군 횡성읍 읍사리 134-9
하추자연휴양림,,정보없음,정보없음,강원도 인제 인제읍 하추로 686 (우) 24642
동해문화원,"예술 단지, 현대 건축물",정보없음,정보없음,강원도 동해 평원로 17 동해문화예술회관 뒤편 (2015년 신축이전)
송천 떡마을,,정보없음,정보없음,강원도 양양군 서면 송천리
김삿갓 유적지,,정보없음,정보없음,강원도 영월군 김삿갓면 와석리
플레이어스 골프 클럽,골프장,정보없음,정보없음,강원도 춘천 동산면 새술막길 438
어래산,,정보없음,정보없음,충청북도 단양 영춘면 의풍7길 (우) 27020
어답산,"산, 하이킹",정보없음,정보없음,강원도 횡성 갑천면 외갑천로 (우) 25252
봉복산,,정보없음,정보없음,강원도 횡성 청일면 청일로 (우) 25255
Chuncheon Puppet Theater (춘천인형극장),,정보없음,정보없음,강원 춘천시 사농동 277-3
발해역사관,,정보없음,정보없음,"강원도 속초시 노학동 736-16, 속초, 대한민국"
금강산볼링장,,정보없음,정보없음,강원도 철원군 동송읍 이평리 861-126
굿모닝사우나,,정보없음,정보없음,강원도 인제군 북면 원통리 667
남면목욕탕,,정보없음,정보없음,강원도 양구군 남면 용하리 416-1
백두대간협곡열차,기타 관광 투어,정보없음,정보없음,대한민국 봉화군
국립횡성숲체원,기타 관광 투어,정보없음,정보없음,대한민국 헝성군
청간정,,정보없음,정보없음,강원도 고성 토성면 동해대로 (우) 24758
고성산,,정보없음,정보없음,강원도 고성군 간성읍 금수리
고양산 아람마을,,정보없음,정보없음,강원도 홍천군 서석면 아미산길 52-3 (우) 25166
구봉산 전망대 카페거리,,정보없음,정보없음,강원도 춘천 동면 순환대로 1154-113 (우) 24212
금강산타운,,정보없음,정보없음,강원도 철원 갈말읍 지포리 50-2
세방볼링센타,,정보없음,정보없음,서울 홍천읍 진리 5-10
속초스파랜드,,정보없음,정보없음,강원도 속초 교동 781-60
강릉시립미술관,,정보없음,정보없음,대한민국 강원도 강릉시 화부산로40번길 46
청도볼링장,,정보없음,정보없음,강원도 속초 청도읍 고수리 831-34
강릉중앙시장,"테마 거리, 시장/마켓",08:30-21:00 영업,정보없음,강원도 강릉시 금성로 21 강릉중앙시장 25543 대한민국
순포습지,,정보없음,정보없음,대한민국 강원도 강릉시 사천면
육림랜드,,정보없음,정보없음,강원도 춘천 영서로 2965 24235
계촌정보화마을,,정보없음,정보없음,강원도 평창군 방림면 계촌길 101 (우) 25364
원당계곡,,정보없음,정보없음,강원도 평창군 평창읍 원당리 25367
남애해수욕장,,정보없음,정보없음,강원도 양양군 현남면 광진리 78-20
동막골마을,,정보없음,정보없음,강원도 평창군 미탄면 율치리 252 (우) 25382
진부전통시장,,정보없음,정보없음,강원도 평창군 진부면 진부중앙로 61 (우) 25325
수항계곡,,정보없음,정보없음,진부면 수항리 87-1 | 강원도 평창군 진부면 수항리 25337
어름치마을,,정보없음,정보없음,강원도 평창군 미탄면 마하길 42-5 (우) 25384
평창둥강하,,정보없음,정보없음,강원도 평창군 미탄면 기화리 25384
철암탄광역사촌,도시 랜드 마크,10:00-17:00 영업,정보없음,강원도 태백시 철암동 403-59
태백시청,,정보없음,정보없음,강원 태백시 태붐로 21 태백시청
동해 북평 민속시장,,정보없음,정보없음,강원도 동해 오일장1길 3 (우) 25813
금강산건강랜드,,정보없음,정보없음,강원도 동해 부곡동 80
원주 허브 팜,농장,영업시간 추후 공지,정보없음,강원도 원주시 무실동 마장2길 33
대산계곡,,정보없음,정보없음,강원도 횡성군 서원면 옥계2길 25202
현대수콘도볼링장,,정보없음,정보없음,경기도 가평군 노학동 179
만해문학박물관,,정보없음,정보없음,"대한민국 강원도 인제군 북면 용대리, 1136-1"
몰운대,지질 명소,정보없음,정보없음,강원 정선군 화암면 몰운리 산43-1
도피안사,기타 종교 시설,정보없음,정보없음,강원도 철원군 동송읍 관우리 450
한탄리버스파,스파,정보없음,정보없음,동송읍 태봉로 1799-22 | 강원도 철원 한탄리버스파호텔 24023
토우볼링장,,정보없음,정보없음,경상북도 칠곡군 후평1동 704-15
박수근미술관,,정보없음,정보없음,강원도 양구군 양구읍 정리 131-1
양구전쟁기념관,,정보없음,정보없음,강원도 히구치군 반면 우리 622
대관령・신재생에너지전시관,,정보없음,정보없음,강원도 평창군 대관리 헝시리 14-297
강릉방해정,,정보없음,정보없음,강원도 강릉시 강동 8
등명락가사,,정보없음,정보없음,강원도 강릉시 강동면 정동리 17
경포가시연습지,,정보없음,정보없음,강원도 강릉시 민동 144-3
갯배,,정보없음,정보없음,강원도 속초시 추오동 482-17
물레길,,정보없음,정보없음,강원도 춘천시 송암동 644-23
휘닉스 스노 경기장,야외 스키,0.5-1일,정보없음,강원도 평창군 봉평면 태기로 174
동원썬밸리CC,,정보없음,정보없음,강원도 횡성군 서원면 서원서로339번길 90
영랑호 습지 생태공원,,정보없음,정보없음,대한민국 강원도 속초시 장사동
용머리공원,,정보없음,정보없음,강원도 양구군 양구읍 동수리
양양자전거테마공원,,정보없음,정보없음,강원도 양양군 손양면 학포리
양양송이조각공원,,정보없음,정보없음,강원도 양양군 양양읍 송암리 505-3
동내대룡공원,,정보없음,정보없음,강원도 춘천시 동내면 거두리
현암리소공원,,정보없음,정보없음,강원도 춘천시 서면 현암리
온의동소공원,,정보없음,정보없음,강원도 춘천시 온의동
충혼근린공원,,정보없음,정보없음,대한민국 강원도 춘천시 퇴계동
지석공원,,정보없음,정보없음,강원도 춘천시 퇴계동
말탕개미공원,,정보없음,정보없음,강원도 춘천시 후평동
뒷뜰공원,,정보없음,정보없음,강원도 춘천시 후평동
태백산국립공원천제단,,정보없음,정보없음,강원도 태백시 소도동
사랑공원,,정보없음,정보없음,강원도 평창군 대관령면 송천1길 39 강원도 평창군 대관령면 횡계리 674-4
올림픽빌리지근린공원,도시 공원,2-3시간,정보없음,강원도 평창군 대관령면 수하리 145-1
지르메희망공원,,정보없음,정보없음,강원도 평창군 대관령면 횡계리
계촌클래식공원,,정보없음,정보없음,강원도 평창군 방림면 계촌리
새마을지도자공원,,정보없음,정보없음,강원도 평창군 평창읍 종부리
남강로공원,,정보없음,정보없음,강원도 홍천군 내촌면 물걸리
효제곡공원,,정보없음,정보없음,강원도 홍천군 서석면 검산리 781-7
꽃뫼공원,,정보없음,정보없음,대한민국 강원도 홍천군 홍천읍 꽃뫼로 113
동해문화원,도시 랜드 마크,정보없음,정보없음,대한민국 강원도 동해시 평원로 17
삼악산,,정보없음,정보없음,대한민국 춘천시 삼악산
레고랜드,테마파크,09:00-18:00 영업,정보없음,강원도 춘천시 하중도길 128 레고랜드 코리아 리조트
무릉박물관,박물관,월요일-금요일 09:00-17:00 영업;토요일 09:00-13:00 영업,정보없음,강원도 원주시 흥업면 사제리 540
묵산미술관,박물관,정보없음,정보없음,강원도 영월군 김삿갓면 와석리 605
용연동굴,동굴,09:00-18:00 영업,정보없음,강원도 태백 화전동 산 47-69
강릉커피박물관,,정보없음,정보없음,강원도 강릉시 왕산면 초의로 2171-19
오죽헌시립박물관,전시홀,09:00-17:00 영업,정보없음,강원도 강릉시 경포동 율곡로3139번길
제2 땅굴,사적지,정보없음,정보없음,강원도 철원군 동송읍 태봉로 1825 (동송읍)
홍천 은행나무 숲,식물원,10:00-17:00 영업,정보없음,대한민국 강원도 홍천군 내면 광원리 686-4
계방산,,정보없음,정보없음,강원도 홍천 내면 창촌리 (우) 25312
에티오피아한국전참전기념관,기념관,화요일-일요일 09:00-18:00 영업,정보없음,대한민국 강원도 춘천시 근화동 이디오피아길 1
문암해변,,정보없음,정보없음,강원도 삼척 근덕면 매원리
그린아트,,정보없음,정보없음,강원도 춘천 죽림동 42-18
허균·허난설헌 기념공원,박물관,화요일-일요일 09:00-18:00 영업,정보없음,대한민국 강릉시 강원도 강릉시 난설헌로193번길 1-16 (초당동)
양구 근현대사박물관,박물관,화요일-일요일 09:00-18:00 영업,정보없음,강원도 양구군 양구읍 하리 501-1
365세이프타운,,정보없음,정보없음,강원도 태백 평화길 15 (우) 26047
기린사우나,,정보없음,정보없음,강원도 강릉 노암동 619-2
영동목욕탕,,정보없음,정보없음,강원도 강릉 교2동 165-59
대한사우나,,정보없음,정보없음,강원도 강릉 병산동 374-2
현산공원,도시 공원,정보없음,정보없음,강원도 양양군 양양읍 군행리
주문진항,항구/항만,연중무휴,정보없음,강릉시 주문진항
동치안산,,정보없음,정보없음,강원도 횡성 강림면 태종로 (우) 25273
안흥찐빵마을,도시 랜드 마크,정보없음,정보없음,강원도 횡성군 안흥면 안흥로 27 (우) 25271
태기산성,"군사 시설, 사적지",정보없음,정보없음,강원도 횡성군 둔내면 경강로 6013 (우) 25261
태풍루,,정보없음,정보없음,강원도 횡성군 횡성읍 대동로 8 (우) 25237
봉명 폭포,,정보없음,정보없음,강원도 횡성 청일면 봉명로 (우) 25253
설악산,산,정보없음,정보없음,대한민국 인제군 설악산
조양동,,정보없음,정보없음,대한민국 강원도 속초시 조양동
부광사,,정보없음,정보없음,강원도 속초시 동명동 579-2
이태극문학관,,정보없음,정보없음,강원 화천군 화천읍 호음로 1014-16
올림픽볼링장,,정보없음,정보없음,대한민국 강원도 속초시 청학동 640-13
천동대중사우나,,정보없음,정보없음,강원도 양양군 양양읍 남문리 29
금수모텔옥사우나,,정보없음,정보없음,강원도 고성군 거진읍 거탄진로 121 강원도 고성군 강원도 고성군
훼미리보석사우나,,정보없음,정보없음,강원도 태백 문곡소도동 106-8
평창 효석문화제,,정보없음,정보없음,강원도 평창군 봉평면 원길리 764-1
평창송어축제,문화 체험,정보없음,정보없음,강원도 평창군 진부면 경강로 3562 하진부리 25332
춘천 물레길,수상 액티비티,정보없음,정보없음,"춘천, 대한민국"
퍼니퍼니 오락실,,정보없음,정보없음,강원도 양구군 양구읍 삼영길 98 (우) 24525
하모니 관광유람선,,정보없음,정보없음,"속초, 대한민국"
태종대,,정보없음,정보없음,강원도 횡성군 강남면 태종로 287 (우) 25272
영시암,기타 종교 시설,정보없음,정보없음,강원도 인제군 북면 백담로 1125 (우) 24606
국순당 주향로,,정보없음,정보없음,강원도 횡성 둔내면 강변로 975 (우) 25266
김수정뷰티클럽,,정보없음,정보없음,강원도 강릉 임당동 40-19
강남사우나,,정보없음,정보없음,강원도 강릉시 이밤동 102-1
송정해수욕장,해변,연중무휴,정보없음,강원도 강릉 창해로 118 공공화장실 25556
용연사,,정보없음,정보없음,강원도 강릉 사천면 중앙서로 961 (우) 25438
속초해변자연박물관,,정보없음,정보없음,강원도 속초 해오름로 186-1 (우) 24887
평화의소녀상,기념비,정보없음,정보없음,수변공원길 18 | 강원도 춘천시 의암공원 24239
휘닉스 평창,,정보없음,정보없음,강원도 평창군 대화면 장미산길 14 (우) 25357
휘닉스 블루캐니언,,정보없음,정보없음,강원도 평창군 봉평면 태기로 174 (우) 25307
광천마을,,정보없음,정보없음,강원도 평창군 대화면 대화리 25356
대관령 하늘목장,,정보없음,정보없음,대한민국 강원도 평창군 대관령면 횡계리 470-5
대청봉,전망대,정보없음,정보없음,강원도 양양군 서면 오색리 산1
금당산,,정보없음,정보없음,강원도 평창군 용평면 재산리 25354
계방산마을,,정보없음,정보없음,강원도 평창군 용평면 노동리 25312
약초마을,,정보없음,정보없음,강원도 평창군 진부면 두일리 25321
동해기독교백화점,,정보없음,정보없음,청옥동 941 | 강원도 동해시 동해메트로마트 1층
장미공원,,정보없음,정보없음,"강원도 남한, 삼척시, 정상동, 416"
은성목욕탕,,정보없음,정보없음,강원도 동해시 무코진동 54
평화의댐 - 화천,도시 공원,정보없음,정보없음,강원도 화천군 화천읍 평화로 3481-18 (우) 24110
찜질방,,정보없음,정보없음,강원도 횡성군 갑천면 추동리 170
허브황토찜질방,,정보없음,정보없음,강원도 횡성군 우천면 백달리 335-3
올챙이추억전시관,,정보없음,정보없음,강원도 횡성군 둔내면 경강로 궁종1길 121-7 25266
횡성볼링장,,정보없음,정보없음,강원도 횡성군 횡성읍 읍리 107-18
보경사우나,스파,정보없음,정보없음,강원도 횡성군 횡성읍 북천리 137-1
홍천 토탈쌤 박물관,,정보없음,정보없음,강원도 홍천군 화촌면 구성포리
제4땅굴,,정보없음,정보없음,대한민국 강원도 양구군 해안면 땅굴로 454
국토정중앙천문대,,정보없음,정보없음,강원도 양구군 남쪽 돔촌리 96-5
상장동벽화마을,,정보없음,정보없음,강원도 태백시 황치동
해운정,,정보없음,정보없음,강원도 강릉시 윤정동 256
구문소,도시 랜드 마크,00:00-23:59 영업,정보없음,강원도 태백시 통디엔동 6-3
배꼽마을,테마파크,2-3시간,정보없음,강원도 양구군 남쪽 도원리
봉정암,,정보없음,정보없음,강원도 인제군 북쪽 용천리 690
원동성당,,정보없음,정보없음,강원도 원주시 원동 85-1
화암사,사적지,정보없음,정보없음,강원도 강원군 고성군 신평리산 136-1
샤인데일CC 클럽하우스,,정보없음,정보없음,강원도 홍천군 서면 한서로 247-156
사근진해중공원 전망대,도시 공원,정보없음,정보없음,강원도 강릉시 해안로604번길 16 강원도 강릉시 안현동 2-7
영랑호수공원,,정보없음,정보없음,강원도 속초시 동명동
수복탑공원,,정보없음,정보없음,강원도 속초시 동명동
황금연어공원,,정보없음,정보없음,강원도 양양군 강현면 물치리 7-5 강원도 양양군 강현면 동해대로 3594
로타리공원,,정보없음,정보없음,강원도 양양군 강현면 물치리 9-3
어린이교통공원,,정보없음,정보없음,강원도 양양군 현북면 장요리 4-10
만항소공원,,정보없음,정보없음,강원도 정선군 고한읍 고한리
버들고개공원,,정보없음,정보없음,대한민국 강원도 정선군 임계면 송계리
제2호문화공원,,정보없음,정보없음,강원도 춘천시 낙원동 86-1
석사양지공원,,정보없음,정보없음,강원도 춘천시 막사동
우석새싹공원,,정보없음,정보없음,강원도 춘천시 막사동
푸르미공원,,정보없음,정보없음,강원도 춘천시 막사동
새로움공원,,정보없음,정보없음,강원도 춘천시 막사동
드림공원,,정보없음,정보없음,강원도 춘천시 우두동
헌수공원,,정보없음,정보없음,강원도 춘천시 칠전동
무릉1공원,,정보없음,정보없음,강원도 춘천시 퇴계동
한들공원,,정보없음,정보없음,강원도 춘천시 퇴계동 1056
우묵들1공원,,정보없음,정보없음,강원도 춘천시 퇴계동 1157
물구비공원,,정보없음,정보없음,강원도 평창군 대화면 산안미리
가산공원,,정보없음,정보없음,강원도 평창군 봉평면 창동리 544
도토리공원,,정보없음,정보없음,강원도 평창군 진부면 두일리
송정4공원,,정보없음,정보없음,강원도 평창군 진부면 송정리
성동천수변공원,,정보없음,정보없음,강원도 홍천군 북방면 성동리
동학공원,,정보없음,정보없음,강원도 홍천군 서석면 풍암리
아미산군립공원,,정보없음,정보없음,강원도 홍천군 서석면 효제곡길 92-60 강원도 홍천군 서석면 검산리 산 102
갈마곡둔치공원,,정보없음,정보없음,강원도 홍천군 홍천읍 갈마곡리
태학공원,,정보없음,정보없음,강원도 홍천군 홍천읍 태학리
봉포해변,해변,정보없음,정보없음,대한민국 고성군 봉포해변
횡성향교,사적지,정보없음,정보없음,강원도 횡성군 향교로12번길 1 (우) 52753
얼음나라화천 산천어축제,문화 체험,정보없음,정보없음,강원도 화천군 화천읍 산천어길 137 (우) 24114
코리아인터내셔널스키스쿨,캠핑장,7:30-23:30 영업,정보없음,강원도 홍천군 서면 한치골길 619
육담폭포,폭포,정보없음,정보없음,대한민국 강원도 속초시 설악동
김유정레일바이크,"기타 관광 투어, 테마파크",3/1-10/31 09:00-17:30 영업;11/1-2/28 09:00-16:30 영업,정보없음,강촌레일파크 김유정역 강원도 춘천시 신동면 증리 323-2
석탄역사체험관,,영업시간 추후 공지,정보없음,대한민국 강원도 정선군 사북읍 사북리 387-27
용화산,,정보없음,정보없음,대한민국 춘천시 용화산
간현유원지,테마파크,연중무휴,정보없음,강원도 원주시 정지면 간현리 1056-5
오월리산림휴양림,숲,정보없음,정보없음,강원도 춘천 서면 오월리 산46-1
동해국립박물관,,정보없음,정보없음,강원도 동해 망상동 360-5
영월 곤충박물관,박물관,화요일-일요일 09:00-18:00 영업,정보없음,강원도 영월군 강원도 영월군 북면 영월로 1229
호안다구박물관,박물관,10:00-17:00 영업;09:00-18:00 영업,정보없음,강원도 영월군 김삿갓면 내계곡로 1088
준상이네집 (겨울연가 촬영지),도시 랜드 마크,0.5-1일,정보없음,강원도 춘천시 소양로2가 90-7
송지호해수욕장,해변,18:00-12:00 영업,정보없음,강원도 고성군 주광면 오호길 8 (우) 24747
배두둑호박넝쿨마을,,정보없음,정보없음,강원도 평창군 대화면 선내길 90 (우) 25362
감자꽃스튜디오,,정보없음,정보없음,강원도 평창군 평창읍 고길천로 105 (우) 25370
대관령아기동물농장,,정보없음,정보없음,강원도 강릉 사천면 송암골길 197-23 (우) 25439
산림박물관,,정보없음,정보없음,경기도 광명 사농동 218-5
그림화실,,정보없음,정보없음,강원도 태백 황지동 49-122
치악산한증원,온천 리조트,연중무휴,정보없음,강원도 원주시 웃거름터길 8-12
스노우나인,,정보없음,정보없음,강원도 홍천군 서면 한치골길 617-4 (우) 25101
황토뜨락,,정보없음,정보없음,강원도 강릉 옥계면 금진리 178-9
뷰티레몬,,정보없음,정보없음,강원도 속초 중앙동 475-5
동원스파월드,,정보없음,정보없음,강원도 원주시 행구동 1534-1
휘닉스찜질방,,정보없음,정보없음,대한민국 강원도 평창군 봉평면 면온리 916-1
대진,,정보없음,정보없음,강원도 춘천시 동면 금목길 228 KR
한탄강썬래프팅,"수상 액티비티, 수상 스포츠",정보없음,정보없음,대한민국 철원군
삼척 해양 레일바이크,"하이킹/사이클링, 하이킹/사이클링",정보없음,정보없음,강원도 삼척 근덕면 공양왕길 2
덕산기계곡,,정보없음,정보없음,강원도 정선군 화암면 북동리
발교산,,정보없음,정보없음,강원도 횡성 청일면 봉명로 (우) 25253
횡성 먹거리 단지,,정보없음,정보없음,강원도 횡성 횡성읍 횡성로 (우) 25239
천문인 마을,,정보없음,정보없음,강원도 횡성군 강남면 워란1길 82 (우) 25272
취석정,,정보없음,정보없음,강원도 횡성군 서원면 취석로 130 (우) 25201
횡성호수길,,정보없음,정보없음,강원도 횡성군 갑천면 섬강로 1055 (우) 25252
에코 800 태기산 트레킹로,,정보없음,정보없음,강원도 횡성군 둔내면 경강로 6013 (우) 25261
평창 올림픽 스타디움,경기장/스타디움,정보없음,정보없음,강원도 평창군 대관령면 올림픽로 200 (우) 25347
주문진 방사제,해협/피오르,정보없음,정보없음,강원도 강릉 주문진읍 해안로 1609 (우) 25424
왕산골펜션,,정보없음,정보없음,강원 강릉시 왕산면 왕산로 2157-7
강릉통일공원 함정전시관,,정보없음,정보없음,대한민국 강릉 강동면 안인진리 3-5
춘천경찰서,,정보없음,정보없음,강원 춘천시 효자동 590-1번지
원주공항,현대 건축물,연중무휴,정보없음,강원도 횡성군 횡성읍 곡교리 111-1
학사평 순두부 마을,,정보없음,정보없음,강원도 속초시 원암학사평길 142 (노학동)
속초시 노학동,,정보없음,정보없음,강원도 속초시 노학동
Gyeongpo Fwangtobul Hanjeungmak,,정보없음,정보없음,강원도 강릉 죽헌동 323-4
Daegwanryeong 24Si Bulhanjeungmak Sauna,,정보없음,정보없음,강원도 강릉 성산면 어흘리 567-3
Jumun Jinjuhyeop Haesu Sauna,,정보없음,정보없음,강원도 강릉 주문진읍 교항리 184-92
Viking Haesu Land,,정보없음,정보없음,강원도 고성군 신용리 거류면 979-3
Imgye Welfare Hall Bath House,,정보없음,정보없음,강원도 정선군 임계면 송계리 782
Phoenix Park G.C,,정보없음,정보없음,강원도 평창군 봉평면 태기로 174
Korea Parrot House,,정보없음,정보없음,759; 운두령로; 용평면; 대한민국 강원도 평창군
Molwundae Cliff,,정보없음,정보없음,"Morun-ri, Hwaam-myeon San43-1, Jeongseon-gun, Gangwon-do South Korea"
Chujeon Station,도시 랜드 마크,정보없음,정보없음,"San 123, Hwajeon-dong, Taebaek, Gangwon-do South Korea"
Herb Nara Nongwon,농장,정보없음,정보없음,"225, Heungjeonggyegok-gil, Bongpyeong-myeon, Pyeongchang-gun, Gangwon-do South Korea"
Alpaca World,,정보없음,정보없음,"310, Pungcheon-ri, Hwachon-myeon, Hongcheon-gun, Gangwon-do South Korea"
강원 쥬라기랜드,,정보없음,정보없음,강원도 횡성군 서원면 경강로 646-18 25200
원주 강원감영,사적지,09:00-22:00 영업,1-2시간,강원도 원주시 일산동 54-1
삼척볼링장,,정보없음,정보없음,강원도 삼척 남양동 94-10
향토솔잎찜질방,,정보없음,정보없음,강원도 횡성군 공근면 상동리 610-2
횡성 스포랜드,,정보없음,정보없음,강원도 횡성 공근면 금계로 380-57 (우) 25206
천은사,,정보없음,정보없음,강원도 삼척 미로면 동안로 816 (우) 25903
장호어촌체험마을,,정보없음,정보없음,강원도 삼척 근덕면 장호항길 31 (우) 25938
소나타 오브 라이트,도시 랜드 마크,18:00-22:00 영업,정보없음,강원도 원주시 조정면 오크밸리1길 66 (우) 26357
점봉산 곰배령,,정보없음,정보없음,강원도 인제군 기린면 곰배령길 12 (우) 24653
헌화로,테마 거리,연중무휴,정보없음,강동면 헌화로 | 강원도 강릉 헌화로 해안도로 25631 대한민국
피라미드 황토방,,정보없음,정보없음,강원도 강릉 주문진읍 향호리 8-22
평화의소녀상,기념비,00:00-23:59 영업,정보없음,경포로 330 | 강원도 강릉 3.1운동기념공원 25466
경포호,호수,정보없음,정보없음,대한민국 강원도 강릉시 저동 94
DVD디지털영화관,,정보없음,정보없음,강원도 춘천 삭주로 74 (우) 24259
아리랑 문화관,,정보없음,정보없음,전라북도 김제시 부량면 용성리 226-23
평창올림픽시장,"테마 거리, 시장/마켓",07:00-20:00 영업,정보없음,대한민국 강원도 평창군 평창읍 평창시장1길 10
대관령 눈꽃마을,,정보없음,정보없음,강원도 평창군 대관령면 차항리 316
팔석정,,정보없음,정보없음,강원도 평창군 봉평면 평촌리 903-17
해담마을,,정보없음,정보없음,강원도 양양군 서면 서림리 128
황토구들마을,,정보없음,정보없음,강원도 평창군 용평면 의풍포길 23-10 (우) 25316
수하계곡,,정보없음,정보없음,강원도 평창군 미탄면 한탄리 501-1 (우) 25382
봉평전통시장,"테마 거리, 시장/마켓",08:00-16:00 영업,정보없음,강원도 평창군 봉평면 창동리 397-26 (우) 25303
하이원추추파크,기타 관광 투어,정보없음,정보없음,대한민국 강원도 삼척시 도계읍 심포남길 99
태양의후예 태백세트장,,정보없음,정보없음,강원도 태백 통골길 112 (우) 26029
청솔사우나,,정보없음,정보없음,강원도 태백시 황지동 662
동해시수협수산물유통센터,,정보없음,정보없음,강원도 동해시 묵호동 15-85
짚라인 설악,비행 투어,정보없음,정보없음,강원도 고성군 토성면 원암리 403-1
정선아리랑시장,"테마 거리, 시장/마켓",06:00-22:00 영업,정보없음,강원도 정선군 정선읍 봉양리 349-20
한얼문예박물관,,정보없음,정보없음,강원도 횡성군 우천면 경강로 2885-2 (우) 25244
중앙사우나,,정보없음,정보없음,강원도 고성군 고성읍 서월리 1-10
신대계곡,,정보없음,정보없음,강원도 횡성군 청일면 신대리
소구니계곡,,정보없음,정보없음,강원도 횡성군 청일면 유평리
화성목욕탕,,정보없음,정보없음,강원도 횡성군 횡성읍 읍파리 79-6
두타연,폭포,1/1-2/28(겨울) 09:00-16:00 영업;3/1-10/31(여름) 09:00-17:00 영업;11/1-12/31(겨울) 09:00-16:00 영업,정보없음,강원 양구군 방산면 두타연로 297
영월화석박물관,,정보없음,정보없음,강원도 영월군 주천면 판운리 203-19
설악산 토왕성폭포,,정보없음,정보없음,강원도 속초시 설악동 41-0
추암조각공원,,정보없음,정보없음,강원도 동암동
보덕사,,정보없음,정보없음,강원도 영월군 영월읍 영흥리 1110
안목해변카페거리,테마파크,09:00-23:00 영업,2-3시간,강원도 강릉시 강원동
의암호스카이워크,,정보없음,정보없음,강원도 춘천시 우루시다동 486
두타연계곡,,정보없음,정보없음,강원도 양산군 강서리
고성왕곡마을,,정보없음,정보없음,강원도 고성군 다케왕면 고봉리 399
고석정국민관광지,도시 랜드 마크,연중무휴,정보없음,강원도 태원군 동송읍 창흥리 20-1
등명해수욕장,,정보없음,정보없음,강원도 강릉시 강동면 정동진리 440-7
"신복사지삼층석탑,석불좌상",,정보없음,정보없음,강원도 강릉시 탄동 403
정선알파인경기장,,정보없음,정보없음,강원도 정선군 베이평면 수암리 400
망월사,,정보없음,정보없음,강원도 성양군 고세리 1-20
아우라지관광지,,정보없음,정보없음,강원도 정선군 영면 연리 770
라데나 골프클럽,,정보없음,정보없음,강원 춘천시 신동면 정족리 1007-1 라데나클럽
골든비치cc,,정보없음,정보없음,강원도 양양군 손양면 공항로 230 KR
강릉안목해맞이공원,,정보없음,정보없음,강원도 강릉시 견소동 287-6
남산공원,,정보없음,정보없음,강원도 강릉시 노암동
장사항바다숲공원,도시 공원,정보없음,정보없음,강원도 속초시 장사동
지경공원,,정보없음,정보없음,강원도 양양군 현남면 지경리
신남공원,,정보없음,정보없음,강원도 인제군 남면 신남리
북평3리소공원,,정보없음,정보없음,강원도 정선군 북평면 북평리
함백탄광기념공원,,정보없음,정보없음,강원도 정선군 신동읍 방제리 산 117-5
노일공원,,정보없음,정보없음,강원도 정선군 신동읍 예미리
작은너근령소공원,,정보없음,정보없음,강원도 정선군 임기면 송계리
푸른숲공원,도시 공원,정보없음,정보없음,강원도 춘천시 동면 장학리
가로공원,,정보없음,정보없음,강원도 춘천시 동산면 조양리
태극공원,,정보없음,정보없음,강원도 춘천시 막사동
상록공원,,정보없음,정보없음,강원도 춘천시 우두동
후평새싹공원,,정보없음,정보없음,강원도 춘천시 후평동
태백산국립공원,,정보없음,정보없음,강원도 태백시 태백산로 4778 강원도 태백시 소도동 47-20
쌈지공원,,정보없음,정보없음,강원도 평창군 대관령면 송천3길 21 강원도 평창군 대관령면 횡계리 279-251
노산근린공원,,정보없음,정보없음,강원도 평창군 평창읍 중리
기미만세공원,,정보없음,정보없음,강원도 홍천군 내촌면 물걸리 592
장승공원,,정보없음,정보없음,강원도 홍천군 북방면 화동리
수렴동계곡,협곡,정보없음,정보없음,대한민국 인제군 강원 인제군 북면 용대2리
평화의 소녀상,기념비,정보없음,정보없음,엑스포로 140 | 강원도 속초 청초호 호수공원 24854 대한민국
횡성전통시장,,정보없음,정보없음,대한민국 강원도 횡성군 횡성읍 읍상리 277-3
오봉산,,정보없음,정보없음,대한민국 춘천시 오봉산
횡성테마랜드,,정보없음,정보없음,강원도 횡성군 우천면 두곡리 545
고성가시오가피농장,식물원,정보없음,정보없음,강원도 고성군 거진읍 거진운동장길 53 (우) 24719
홍천테마파크,박물관,정보없음,정보없음,강원도 홍천군 서석면 구룡령로 2800-22 (우) 25167
고씨 동굴,,09:00-18:00 영업,정보없음,강원도 영월 김삿갓면 진별리 산262
용화해수욕장,해변,연중무휴,정보없음,강원도 삼척 근덕면 삼척로 (우) 25932
청옥산,산,정보없음,정보없음,강원도 평창 미탄면 회동리 (우) 25380
백덕산,산,정보없음,정보없음,강원도 평창 방림면 운교리 (우) 25366
장미산,,정보없음,정보없음,강원도 평창 대화면 개수리 (우) 25357
삼방산,,정보없음,정보없음,강원도 영월 북면 공기리 (우) 25371
장군바위산,,정보없음,정보없음,강원도 평창 대관령면 유천리 (우) 25339
국립산악박물관,박물관,화요일-일요일 09:00-17:00 영업,정보없음,대한민국 강원도 속초시 노학동 735
흰구름산촌마을,,정보없음,정보없음,강원도 평창군 미탄면 창터길 29-10 (우) 25383
영월종교미술박물관,,정보없음,정보없음,강원도 영월군 북면 문곡리 101-1
원주 소금산 출렁다리,다리,영업시간 추후 공지,0.5-1시간,강원도 원주시 원주시 수정면 소금산길 26 (우) 26359
병방치 스카이워크,,09:00-18:00 영업,정보없음,강원도 정선군 정선읍 병방치길 225
궁전보석사우나,,정보없음,정보없음,강원도 강릉 포남1동 1123-16
송원불가마,,정보없음,정보없음,강원도 강릉 교1동 1202
용암불한증막,스파,연중무휴,정보없음,강원도 화천군 하남면 용암리 887
동해목욕탕,,정보없음,정보없음,강원도 동해 발한동 300-8
남애항,항구/항만,연중무휴,정보없음,강원도 양양 현남면 남애리2-77
고석정,자연 보호 구역,00:00-23:59 영업,정보없음,강원도 철원군 동송읍 태봉로 1825 (우) 24023
동명항,항구/항만,정보없음,정보없음,강원도 속초 동명동
임해자연휴양림,,정보없음,정보없음,강원도 강릉시 강동면 율곡로 1715-85
망향의 동산,,정보없음,정보없음,강원도 횡성군 갑천면 태기로구방5길 40 (우) 25259
세덕사,,정보없음,정보없음,강원도 횡성군 횡성읍 덕고마을길 30 (우) 25243
네덜란드군참전기념비,"기념비, 사적지",정보없음,정보없음,강원도 횡성군 우천면 하늘로 우항2길 3 (우) 25248
낙수대 폭포,,정보없음,정보없음,강원도 횡성군 청일면 신대리
응향원 도예방,,정보없음,정보없음,강원도 횡성군 강림면 주천강로 340 (우) 25272
선돌,"도시 랜드 마크, 지질 명소, 협곡",정보없음,정보없음,강원도 영월 영월읍 선돌길 137 (우) 26226
의암호,,정보없음,정보없음,대한민국 강원 춘천시
인공폭포,"폭포, 수자원 시설",정보없음,정보없음,강원도 춘천시 신북읍 천전리
용화산자연휴양림,,정보없음,정보없음,강원도 춘천시 사북면 사여골길 294
설악불한증막,,정보없음,정보없음,강원도 양양군 강현면 강선리 26
천진해수욕장,"테마 거리, 해변",6:00-12:00 영업,정보없음,토성면 천진리 | 강원도 고성군 천진해변길 24764
한레저,,정보없음,정보없음,대한민국 철원군
타미드 엘림,,정보없음,정보없음,강원도 홍천군 홍천읍 삼마치리 793
그랜드볼링센타,,정보없음,정보없음,강원도 강릉시 포남동 1151
녹수사우나,,정보없음,정보없음,강원도 강릉 내곡동 461-5
자연과사람찜질방,,정보없음,정보없음,강원도 강릉 구정면 제비리 1002
등대해수욕장,,정보없음,정보없음,강원도 속초 장안로3길 24822
책과인쇄박물관,,정보없음,정보없음,강원도 춘천 신동면 풍류1길 156 (우) 24412
호야 지리 박물관,,정보없음,정보없음,강원도 영월군 수주면 무릉리 1090-6
산채으뜸마을,,정보없음,정보없음,강원도 평창군 평창읍 대골길 5 (우) 25379
죽도해변,해변,00:00-23:59 영업,정보없음,대한민국 양양군
뇌운계곡,,정보없음,정보없음,강원도 평창군 평창읍 노은리
용소폭포,,정보없음,정보없음,강원도 양양군 오색리 서면
캔디서프,,정보없음,정보없음,대한민국 강원도 양양군 현남면 인구중앙길 93 KR
장전계곡,,정보없음,정보없음,강원도 평창군 진부면 장전리 25338
막동계곡,,정보없음,정보없음,강원도 평창군 진부면 화의리 25338
수에스테틱,,정보없음,정보없음,강원도 삼척 남양동 331-5
영풍볼링장,,정보없음,정보없음,강원도 동해 천곡동 1024
하정사우나,,정보없음,정보없음,강원도 태백 황지동 13-7
매봉산 풍력발전단지,테마 거리,정보없음,정보없음,강원도 태백시 화전동
상문탕,,정보없음,정보없음,강원도 고성군 고성읍 서외리 30-2
부곡계곡,,정보없음,정보없음,강원도 횡성군 강림면 부곡리
유성볼링센터,,정보없음,정보없음,경기도 화성 일산동 333-3
도사곡 휴양림,,정보없음,정보없음,강원도 정선군 사북읍 사북리 447-1
철원종합문화복지센터,,정보없음,정보없음,강원도 철원군 철원읍 화지4리 693
만항재,하이킹,정보없음,정보없음,영월군 만항재
루지월드,오락실,정보없음,정보없음,강원도 홍천군 서면 한치골길 262 (우) 25102
병지방계곡,,정보없음,정보없음,강원도 횡성군 갑천면 병지방리
고성문화체육센터,,정보없음,정보없음,경상남도 고성군 고성읍 기월리 83-10
양구펀치볼지구,,정보없음,정보없음,강원도 양구군 한면 회리 622
반곡역,사적지,연중무휴,정보없음,강원도 원주시 나카야동 154
오색약수터,도시 랜드 마크,00:00-23:59 영업,정보없음,강원도 서면군 고서리
삼척시립박물관,,정보없음,정보없음,강원도 삼척시 성남동 167-8
설악씨네라마,,정보없음,정보없음,강원도 속초시 쇼샤동 24-1
관동하키센터,아이스링크장,정보없음,정보없음,강원도 강릉시 야동 522
소지섭길(두타연갤러리),,정보없음,정보없음,강원도 양구군 팡산면 공산리 229
건봉사,,정보없음,정보없음,강원도 교쓰군 교카와리 36
최규하대통령생가,,정보없음,정보없음,강원도 원주시 봉산동 833-1
동강생태공원,,정보없음,정보없음,강원도 영월군 영월읍 삼재리 896
소노벨비발디파크,야외 스키,0.5-1일,정보없음,대한민국 강원도 홍천군 서면 한치골길 262
오크밸리스노우파크,야외 스키,0.5-1일,정보없음,강원도 원주시 정지면 판대리 산1-1
마식령 스키장,,정보없음,정보없음,"Unnamed Road, Kangwon"
옥원소공원,,정보없음,정보없음,강원도 삼척시 원덕읍 옥원리
원통중앙공원,,정보없음,정보없음,강원도 인제군 북면 원통리
내린천공원,,정보없음,정보없음,강원도 인제군 인제읍 고사리
두위봉야생화공원,,정보없음,정보없음,강원도 정선군 남면 무릉리
사북생활체육공원,,정보없음,정보없음,강원도 정선군 사북읍 사북리 359-2
동강생태공원,,정보없음,정보없음,강원도 정선군 정선읍 광하리 16 강원도 정선군 정선읍 동강로 2914
녹송공원,,정보없음,정보없음,강원도 정선군 정선읍 봉양리
가마골생태공원,,정보없음,정보없음,강원도 춘천시 동면 월곡리
너울숲공원,,정보없음,정보없음,강원도 춘천시 동면 장학리
곰도리공원,,정보없음,정보없음,강원도 춘천시 막사동
석사공원,,정보없음,정보없음,강원도 춘천시 막사동
스무숲솔빛공원,,정보없음,정보없음,강원도 춘천시 마스터동 894
춘천시환경공원,,정보없음,정보없음,강원도 춘천시 신동면 허동리
철길따라공원,,정보없음,정보없음,강원도 춘천시 퇴계동
대룡공원,,정보없음,정보없음,강원도 춘천시 퇴계동
무릉공원,,정보없음,정보없음,강원도 춘천시 퇴계동
춘천평화생태공원,,정보없음,정보없음,강원도 춘천시 평화로 25 강원도 춘천시 근화동 199 봄내체육관
지성 공원,,정보없음,정보없음,대한민국 강원도 춘천시 백령로
쥴장루이공원,,정보없음,정보없음,강원도 홍천군 두촌면 장남리 219-1
희망나눔쉼터공원,,정보없음,정보없음,강원도 홍천군 홍천읍 호프리
주문진 등대,등대,정보없음,정보없음,강원도 강릉 주문진읍 예등대길 24-7 (우) 25411
속삭이는 자작나무 숲,숲,9:00-17:00 영업,정보없음,강원도 인제 인제읍 자작나무숲길 760 (우) 24639
Hanseo Daejungtang,,정보없음,정보없음,강원도 속초 교동 619-21
Pyeongchang Stone Park,,정보없음,정보없음,강원도 평창군 평창읍 중리 8-3
VIVALDI PARK C.C,,정보없음,정보없음,강원도 홍천군 서면 한치골길 200
Oak Valley C.C,,정보없음,정보없음,강원도 원주시 정지면 오크밸리1길 66
ROMYZIAN Garden,숲,10:00-17:00 영업,정보없음,"12 Eodowon-gil, Bukpyeong-myeon, Jeongseon-gun, Gangwon-do"
Oeongchi Bada Hyangiro,,정보없음,정보없음,"Daepohang-gil, Sokcho, Gangwon-do 24899 South Korea"
Heundeul Bawi,,정보없음,정보없음,"1091, Seoraksan-ro Seoraksan National Park Gyejoam Temple, Sokcho, Gangwon-do 24903 South Korea"
Baekseok Falls,,정보없음,정보없음,"412, Odaecheon-ro, Bukpyeong-myeon, Jeongseon-gun, Gangwon-do 26100 South Korea"
Wonju Station Water Tower,,정보없음,정보없음,"Wonju Station Water Tower 158 Pyeongwon-ro, Wonju, Gangwon-do 26414 South Korea"
Wonju Gangwon Gamyoung,,정보없음,정보없음,"85, Wonil-ro, Wonju, Gangwon-do South Korea"
Sampo Beach,,정보없음,정보없음,"1-1, Sampo-ri, Jugwang-myeon, Goseong-gun, Gangwon-do South Korea"
Gangchon Yuwonji,,정보없음,정보없음,"Namsan-myeon, Chuncheon, Gangwon-do South Korea"
Geumgangsan Bowling Alley,,정보없음,정보없음,부산 동송읍 이평리 861-126
Samcheok Bowling Alley,,정보없음,정보없음,대구 남양동 94-10
O2 Resort – Taebaek,,정보없음,정보없음,강원도 태백시 황지동 132-1
Jade Palace G.C,,정보없음,정보없음,강원도 춘천시 남산면 경춘로 212-30
UR Culture Park,,정보없음,정보없음,대한민국 강원도 원주시 지정면 지정로 912 KR
Yeongnangho Lake,도시 공원,정보없음,정보없음,"140, Yeongnanghoban-gil, Sokcho, Gangwon-do South Korea"
Daepo Port,도시 랜드 마크,정보없음,정보없음,"Daepo-dong, Sokcho, Gangwon-do South Korea"
Chiak Mountain Hiking Trail,,정보없음,정보없음,"26, Musoejeom 2-gil, Socho-myeon Hwanggol Visitor Center, Wonju, Gangwon-do 26304 South Korea"
Geumhaksan,,정보없음,정보없음,"301, Yeokjeonpyeong-ri, Bukbang-myeon, Hongcheon-gun, Gangwon-do South Korea"
Gyeongpo Water Dream Land,,정보없음,정보없음,"23-9, Gangmoon-dong, Gangneung, Gangwon-do South Korea"
Taegi San,,정보없음,정보없음,"Cheongil-ro, Cheongil-myeon, Hoengseong-gun, Gangwon-do 25255 South Korea"
Osaek Jujeongol Valley,"하이킹/사이클링, 하이킹/사이클링",정보없음,정보없음,"Osaek-ri, Seo-myeon Seoraksan National Park, Yangyang-gun, Gangwon-do 215-814 South Korea"
Gyeongpo Solhyang Oncheon,,정보없음,정보없음,"292, Haean-ro, Gangneung, Gangwon-do South Korea"
