장소,평점,날짜,일행,리뷰
정선레일바이크,5.0,2019년 3월,친구와 여행함,"타본 레일바이크 중 제일 좋았음 레일바이크 타는 곳 주변에 구경할거리도 많아서 좋았습니다. 무엇보다도 바이크 코스가 볼거리가 많아서 좋았고 내리막이라 힘들지 않습니다.
도착 후 아우라지역에서 기차타고 돌아오는 코스라 재밌습니다"
정선레일바이크,5.0,2018년 8월,가족과 여행함,가장 대표적인 레일바이크 정선레일바이크는 경기도와 서울권에서는 영동고속도로를 이용하여 진부IC로 진입하면 가장 빨리 갈수 있다!! 주차장은 매우 큰 편이라 두 타임 이용자들이 모두 주차하기에도 무리가 없다! 인터넷예약을 가장 추천하지만 현장발권도 따로 발행하여 인터넷예약이 매진되었어도 포기할 필요가 없다!! 출발하기 1시간 전부터 현장발권을 시작하니 선착순 발권을 하면 탈수 있다! 여름에는 위에 차양이 있기는 하나 매우 더운편이라서 오전에 타는 걸 추천한다!! 대부분은 내리막길이라서 편안히 탈 수 있으나 마지막 부분에는 오르막이 있어 다소 힘이 드는 편이다!! 그래도 이 모든걸 차치하고도 정선의 쉬원한 산과 강을 모두 관람하며 탈수있어 너무 좋다!! 올라오는 것은 기차를 통해 올라오는데 시간이 좀 걸리지만 노약자가 아니라면 내부 객차보다 외부에서 한번더 경치를 바라보며 올라오는 것을 추천한다!! 1석2조로 시원한 강원도경치를 느낄 수 있다!!
정선레일바이크,5.0,2018년 6월,연인과 여행함,너무 좋아여 정선까지 힘들게 갔는데 레일바이크 하나만으로도 오래걸려 간 보람이있었네요. 바람맞으면서 바이크타니 너무 시원하고 뷰도 예술입니다
정선레일바이크,4.0,2018년 6월,,힘들지 않아요 전반적으로 거의 내리막길이라 힘들지 않았습니다. 5월 해질무렵이라 처음에는 몰랐는데 바람때문에 쌀쌀하고 추웠습니다. 경치도 좋고 나름 재미있습니다.
정선레일바이크,4.0,2017년 9월,연인과 여행함,"생각보다 비오는날가서 생각보다 경치를 보기가 어려웠음.
예약도 인터넷 예약만 받고, 미리 예약해야하는 번거러움도 있음
한번쯤 타볼만합니다."
정선레일바이크,5.0,2017년 6월,연인과 여행함,재밌어요 겨울에 무지 춥고 여름엔 무지 더움! 경치가 좋음. 대부분 오르막이라 계속 패달 밟아야함. 학학!! 그래도 즐거운 경험임
정선레일바이크,5.0,2017년 1월,출장으로 여행함,대단한 액티비티 정선의 아름다운 경치를 보며 앞으로 나아가는 레일바이크. 역시 원조답게 전국에 수많은 지자체에서 따라한 아류작들과는 다름. 가장 경치가 뛰어나고 만족스러운 경험이었음.
정선레일바이크,3.0,2016년 9월,출장으로 여행함,한 번은 타 볼 만 합니다. 예약하기 쉽지 않은 곳인데 여름 휴가가 다 끝났을 때 다녀왔습니다. 바이크 레일이 대체로 내리막이라서 별로 힘들지 않았습니다. 멋진 풍경을 보거나 시골마을의 정취를 느끼기에 무척 좋습니다.
정선레일바이크,4.0,2016년 7월,가족과 여행함,어른도 아이도 만족 주변 경치 보고 놀이기구 타는 기분 내리막길이 대부분이라 할머니도 함께 가도 됩니다. 일행중 한명만 튼튼한 다리를 갖고있으면 됨 2인 1조 4인1조 가능
정선레일바이크,4.0,2016년 6월,가족과 여행함,"정선이 지명이긴 하지만 멀다;;; 아이들 대리고 강원랜드에서 휴가를 보내고 레일바이크 타러 가는데 꽤 거리가 됨.

꼬불꼬불 길을 근 한시간 가서야 도착.

그치만 운이 좋았는지 기다리자 않고 탑승!

바람 맞으며 시원하게 잘 탐.

알고보니 삼척에도 레일바이크가 있음.

그곳은 해안선을 따라 가는 코스!

다음엔 그걸 타봐야겠단 ㅋㅋㅋ

여기도 충분히 만족스럽지만 왠지 바닷가를 끼고 달려보고 싶음"
정선레일바이크,5.0,2016년 5월,,"진짜 재밌습니다. 바이크라 달리니까 바람도 솔솔불고 좋습니다~
터널에서 이상한 노래가 나와서 쬐끔 무섭지만 경치가 진짜
끝내줍니다~ 돈 절대 안아깝습니다. 꼭 타보세요."
정선레일바이크,5.0,2016년 4월,연인과 여행함,"힐링 바이크 코스가 내리막이라 땀빼지 않아도 됩니다
내리막 덕에 주변 풍경을 볼수 있는 특혜를 누릴수 잇지만 2인용을 탈경우 비가 오면 멘탈에 문제가 생길수는 있습니다"
정선레일바이크,4.0,2016년 2월,연인과 여행함,"여름에 가면 너무 시원합니다 여름에 가면 너무 시원합니다. 산악지대이기도 하지만, 많은 동굴을 통과하느라, 추울정도로 시원한 바람이 불어옵니다. 내리막길이 많아 페달을 많이 밟지도 않아도 되서 별로 힘들지가 않습니다. 정선에 오면 꼭 추천하는 코스입니다."
정선레일바이크,4.0,2016년 1월,가족과 여행함,"선선한 바람 맞으며 레일바이크 가을 단풍철에 방문하니 선선하고 아주 좋았습니다. 다만 레일바이크가 줄줄이 이동을 해야하다보니 앞에서 너무 천천히가고 뒤에서 너무 빨리 달려오니 더 빨리 가지 못해서 조금 답답한 마음도 있었습니다. 아이들과 함께 즐기기에도 너무 좋았고, 아이들이 특히 좋아하네요~"
정선레일바이크,5.0,2016년 1월,친구와 여행함,"정선나들이에서 빼면 섭섭한 코스 찾아가기가 좀 어렵지만, 한번 체험을 강추할만한 곳입니다. 코스가 상당히 길어서 들판, 산속, 개울가, 터널 등의 느낌을 모두 체험할 수 있는 코스이구요. 산속 깊숙히 자리하기 때문에 조금 서늘할 수 있으니 한여름에도 가벼운 긴팔을 준비하는 것이 좋을 듯합니다."
정선레일바이크,4.0,2016년 1월,가족과 여행함,힘들지만 재밌음 힘들지만 재밌어요~~열심히 다리 운동을 하셔야 하지만 시원한~~바람을 가르며 내리막길을 갈때는 정말 기분이 좋습니다 .가시긴 시간을 체크해보고 가시는것도 좋을듯해요 늦게까지는 운행하지 않아요~
정선레일바이크,5.0,2015년 11월,,"멋진 풍광 정선계곡의 아름다움이 인상깊습니다. 약간 추운 날씨임에도 너무 즐겁게 바람과 계곡, 그리고 산을 즐길 수 있네요."
정선레일바이크,5.0,2015년 11월,,정선여행의 핵심 원하는 시간대에 예약하시려면 서두르셔야 하네요.. 공기도 맑고 경치도 좋은 정선에서 꼭 해봐야할 액티비티 중 하나입니다. 바람을 가르면서 달리는 레일바이크가 매우 재미있었네요.. 추천합니다.
정선레일바이크,5.0,2015년 10월,가족과 여행함,"최고입니다^^ 아름다운 정선의 경치를 보면서 신나게 타고 왔습니다..
성인2 유아1명에 4인승 탔고요..
내리막이 많아서 크게 힘들지는 않았어요..
정선에 가실 분은 꼭 미리 예약하시기 바랍니다.. 마감이 금방 되네요"
정선레일바이크,5.0,2015년 10월,가족과 여행함,"전국에 있는 레일바이크 중에 최고인 듯... 레일바이크 길이도 7Km가 넘어서 오랫동안 주변 경치를 보면서 즐길 수 있습니다. 정선 특유의 아름다운 경치를 느낄 수 있어서 더욱 좋습니다. 레일바이크 종착지인 아우라지역에는 카페도 있고, 포토존도 있습니다. 또한 여름에는 맛있는 여름과일도 저렴한 가격으로 판매합니다."
정선레일바이크,1.0,2015년 10월,연인과 여행함,비오는날 대책없는 레일바이크 하필 저는 비오는날 레일바이크를 탔습니다. 그런데 2인승은 비를 막아주는 캐노피가 없어서 홀딱 비를 맞고 탔네요. 정말 최악이었습니다.
정선레일바이크,4.0,2015년 10월,,"가족끼리 즐기기 좋은 곳 가족끼리 가기 좋은곳
폐광등을 관광상품으로 만든 좋은 예 중 한곳
멋진 자연과 이쁘게 꾸며둔 거리, 좋은 공기를 마시며 산책하듯 레일바이크를 타고
돌기 좋은듯"
정선레일바이크,5.0,2015년 10월,가족과 여행함,"주변 경치를 보는 맛이 있어요 우리 가족은 여기랑 여수 레일바이크 가봤는데 정선이 더 좋았어요.
정선 여수는 평지라 계속해서 패달을 밟아야 하는데, 이곳은 약간 경사진 곳이라 계속해서 패달을 밟을 필요는 없어서 좀 더 수월했고요. 길이도 적당히 길고 좋았어요. 그리고 다 내려가면 간단한 간식이라 차를 파는 휴계소 같은 곳도 나오고요. 거기서 다시 꼬마 기차를 연결해서 위로 다시 올라가는데 그것도 너무 좋았어요.
주변 경치가 산, 강, 터널 등 너무 좋았어요. 다시 가도 좋을 것 같아요."
정선레일바이크,5.0,2015년 10월,친구와 여행함,"강원도의 경치구경은 레일바이크로! 공기와 경치가 좋은 강원도에서는 차를 타고 다니기보단, 걷거나 자전거, 레일바이크 등을 타는 것이 좋습니다. 레일바이크의 구간이 그리 힘들지 않고, 경치가 정말 좋습니다. 레일바이크를 타는 레일 근처에서 삼각대와 카메라를 설치하고 사진을 찍으시는 분도 계시더라구요. 운동도 되고, 경치도 볼 수 있는 정말 좋은 곳 입니다."
정선레일바이크,5.0,2015년 9월,가족과 여행함,"넘 좋아요 정선에 처음 가봤는데 너무 좋았어요.
기찻길이었덧 곳을 바이크 트랙으로 바꾼 아이디어도 좋았고
평소 자동차로는 갈 수 없는 곳을 아주 가까이서 지나갈 수 있다는 것이
너무 새롭고 흥분되었어요.
다시 되돌아올 때 잠깐 쉬는데 주변 구경하느라
시간 가는 줄 몰랐네요
좋은 공기와 아름다운 경치도 한 몫 합니다.
아주 만족^^"
정선레일바이크,4.0,2015년 9월,가족과 여행함,"관광과 다이어트가 한번에 ~^^ 중간까지는 발동작 거의 없이도 슝 날라가요~ 끝에는 평지&살짝 오르막이라 힘들었어요^^ 간단한 간식, 음료수 가지고 타세요~ 발등이 엄청 탈 수 있어요~ 썬크림 듬뿍~ 발한테 양보하세요~ ㅎㅎㅎ"
정선레일바이크,4.0,2014년 8월,가족과 여행함,"정선레일바이크 직접 굴려야 하니 다리아프시면 남자를 데리고 동행하세요.
근처에 강이 흐르고 있습니다. 공기도 좋고 기분전환하는데 그만인거 같아요 서울에서 그리 멀지 않은거 같아요.
하이원호텔은 예약을 하시고 가셔야 되구요."
정선레일바이크,4.0,2018년 7월,친구와 여행함,"독특한 경험 아주 독특한 경험, 타는 것에 따른 풍경은 꽤 멋지다. 좋은 경관을 얻으려는 노력이 필요하지만 긴장을 푸는 것은 좋은 활동입니다."
정선레일바이크,4.0,2017년 12월,친구와 여행함,"모든 연령대를 위한 좋은 지난해 12월 우리는 이곳에 갔다. 2, 2017, 추운 하지만 우리는 뭔가 모험을 하고 싶었던 이 레일 바이크 그들과 함께 했다. 나는 한 시간 오솔길 끝에 30취할 거라고 생각했는데, 단 30분 걸렸습니다. 그러나 트레일 나는 비록 짧은 보기 아닙니다만 입이 딱 벌어졌습니다. 이 한국에서 마치 추천합니다 활동."
정선레일바이크,5.0,2017년 12월,친구와 여행함,"재미있는! 거의 패들 기차를 타고 30분 첫 번째 경험이었습니다. 흥분을 다른 테마 장식됐다 터널 움직이는 동안 나왔습니다.
아주 추운 있지만 우리의 즐거움을 방해할 수 없습니다."
정선레일바이크,5.0,2016년 11월,친구와 여행함,"흥미있는 장소 오래된 기차역 같은 것이어서 흥미롭고 재미 있을 수 있습니다. 좋은, 즐겁고 건강한 활동. 길을 따라 전망이 너무 좋다."
정선레일바이크,5.0,2016년 11월,연인과 여행함,독특한 매력 이는 좋은 경험을 할 수 있는 한국의 시골. 총 7.2 킬로미터 반은 먹거리들이 트랙은 길고. 역시 미리 예약 티켓.
정선레일바이크,4.0,2015년 11월,친구와 여행함,"정말 재미있다! 아주 재미있었다! 활동에 적합한 친구들, 가족들과 커플들.
아름다운 풍경을 즐길 수 있는 길을 따라 가는 기차. 사랑하는 가족과 함께 꼭 다시 갈 것이다."
정선레일바이크,5.0,2015년 7월,가족과 여행함,"정말 재미있다! 저는 네 자리 예약 두 좌석 자전거. 나는 하는 수 없습니다 라고 했더니 스케줄을 미리 전화를 하면 티켓을 사러 올 사이트. 우리가 할 수 있는 레일 바이크 10:10 역에서 티켓을 사. 남편과 함께 그의 부모는 동안 네 명에 내 아들을 두 명. 자전거는 쉽 러레이터페달 - 사실 나의 9살짜리 아들 - 대부분의 시간을 했다. 나는 마지막 유일한 시간 이상 걸리는 거리 단위 - 이 힘든 작은.

그냥 아름다운 풍경은 6월에. 나무에 만개한 - 모든 것이 살아 있어서. 돌아오는 길에, 저희는 무료 기차를 타고 - 나는 풍경의 아름다움을. 여행할 가치가 있는 곳이었어요!"
간현원주레일파크,4.0,2020년 8월,나 혼자 여행함,"삼둥이 레일바이크 간현역에서 기차를 타고 20여분 이동하면서 바라보는 계곡들과 단풍이 물든 나무들을 바라보며 있는데 천진난만한 아이들의 손흔듬이
어릴적 향수를 자극하네요"
간현원주레일파크,4.0,2019년 12월,가족과 여행함,"패달 밟기 쉬운 편인 레일바이크, 강원도 풍경을 볼 수 있다. 역대 이용해본 레일바이크 중에서 가장 덜 힘든 곳이다. 셔틀기차는 타고 이동한 후 레이바이크를 티고 돌아온다. 가는 길이 살짝 내리막인지 패달 밟는 게 쉽다. 강원도의 조용한 시골 풍경을
볼 수 있다. 코스는 1시간 정도 소요된다."
간현원주레일파크,4.0,2018년 10월,가족과 여행함,"힘들지 않은 레일 바이크 출발점까지 기차를 타고 올라갑니다.

레일바이크로 돌아오는 길은 내리막길이라 다리가 아프지 않습니다.

유아 한 명을 포함한 세가족이 탔는데 좋은 경험이었습니다."
간현원주레일파크,5.0,2019년 11월,연인과 여행함,원주에있을 때 자전거 타는 사람이었던 나와 함께한 파티는 이것이 훌륭한 여행이 될 것이라고 생각했으며 폭발이 일어났다 고 말해야합니다. 그들은 기차를 타고 20 분 동안 시골을 돌아 다니며 기차를 rail니다. 기차에서 사진을 얻거나 키스하지 않았습니까? 걱정하지 마십시오. 철도 자전거를 다시 타게 될 것입니다. 한국 시골의 작은 부분을 볼 수있는 좋은 방법입니다. 다음에 나는 다리에 하이킹을해야 할 것이다.
간현원주레일파크,3.0,2019년 10월,,약간의 재미 우리가 다른 나라의 철도 공원에 있었기 때문에 여기를 방문하기로 결정했습니다. 2 인 또는 4 인 자전거를 이용할 수 있으며 미리 예약하는 것이 좋습니다. 기차가 당신을 줄의 끝까지 데려다 놓았다가 다시 자전거를 타면 정말 쉽습니다. 강을 따라 다리를 건너 짧은 터널을 통과하면서 멋진 경치와 지역 주택을 볼 수 있습니다.
간현원주레일파크,5.0,2019년 10월,,"아름다운 경치와 좋은 경험 좋은 경험입니다. 나는 대자연의 손에 갔다는 것을 완전히 느꼈다. 거대합니다. 나는 레일 파크를 경험했다. 너무 재미 있고 재미있었습니다. 먼저, 우리는 기차를 철도 공원 역으로 가져 갔다가 다시 탔습니다. 철도는 터널을 뚫고 각 터널에는 관광객을 놀라게하는 자체 테마가 있습니다. 레일은 6입니다. 5km 길이 우리는 타고있는 동안 산과 강의 아름다움에 감탄할 수있었습니다. 공기가 깨끗하고 폐가 상쾌 해지는 느낌이 들었습니다.
가격 : 4 석 48, 000 원
더 많은 한국 여행 명소를 보려면 내 IG를 따르십시오 : insta @ ngocanhcrystal"
간현원주레일파크,5.0,2018년 7월,친구와 여행함,"원주 철도 공사 나는 오늘 여기에 있었다. 그것은 2 인승 자전거 (각각 19000 원을 의미)로 38000 원을 들었다. 그것은 약간 비쌌다. 그러나 나는 매우 재미 있었다.
먼저 기차를 타면 자전거가 돌아옵니다. 그것은 모두 50 분을 계속했다. 돌아 오는 길은 대부분 내려 가고 있기 때문에 쉽습니다."
간현원주레일파크,5.0,2018년 7월,친구와 여행함,"너무 재미있어! 그것은 절대적인 폭발이었다! 우리는 약 15, 000 원주 도심에서 택시를 가져 갔다. 추천 버스 (52)가 등장하지 않았기 때문에. 레일 자전거는 4 인 1 인당 12,000 원입니다. 먼저, 기차 끝까지 기차를 타고 자전거를 선택하고 출발점으로 돌아옵니다. 대위의 대부분은 내리막 길이므로 간신히 팔다 그것을 너무 쉽게 할 수 있어야합니다. 전체의 여행에는 약 1 시간 걸렸다. 그리고보기는 충격적이었다, 나는 모든 나의 친구에게 그것을 매우 추천 할 것이다!

그 다음, 당신은 산 꼭대기의 새로운 현수교에 아주 가깝다 (길의 아래에서 약 10 분 산보). 그래서 나는 또한 거기에서 다리를 조사하는 것을 추천한다. 그리고 당신은 강에서 심지어 수영 할 수있다. 그것은 훌륭한 여름 당일 치기 여행이고 지역은 톤을 개발 중입니다!"
하이원추추파크,5.0,2019년 8월,가족과 여행함,"삼척시 도계읍에 있는 추추파크 삼척시내보다는 태백에 좀 더 가까이 있습니다.
기차 한량으로 만든 트레인빌과 펜션인 큐브빌.네이처빌,캠핑장 이렇게 다양한 형태들의 숙소가 있어요.
이번에 이용한곳은 트레인빌이에요.
새마을호 기차로 만든 객실이에요.
흐린날에 방문해서 운무가 신비로웠어요.
공기가 확실히 좋아요.

투숙객은 스위치백 트레인 이용요금 할인해줍니다.
홈페이지에서 체크하세요.
네이처빌 쪽에 야외풀장도 있어요.
어린이 놀이기구도 3종 있고 토끼사육장도 있어요.

트레인빌 내부도 깔끔해요.
화장실 수압 세고 핫샤워도 임청 뜨거워서 주의하세요.

다만 이불이 너무 눅눅했어요.비가 많이와서 그러거같아요.
인덕션.냉장고.밥솥.전자렌지,식기등 펜션에 있는것 다 구비되어있어요.
스위치백트레인 꼭 타보세요,일인요금 어린이도 다 만원입니다.
근처에 같이 들러볼만한곳은,

태백 365세이프타운ㅡ여긴 어린이 키제한이 있으니 미리 체크하세요.
피노키오 나라,유리나라ㅡ이두곳 바로 옆에 나란히 붙어있어요
도계역 근처에 물닭갈비
ㅡ텃밭에 노는 닭 이라고 있어요. 유명맛집인지 손님도 많아요."
하이원추추파크,5.0,2019년 6월,친구와 여행함,"아이들이랑 놀기 좋아요 레일바이크, 스위치백 기차 등등 아이들이 좋아할것들이 많아요
주위에 피노키오파크(?), 유리박물관(?) 있구요
스위치백 기차에서 먹은 삶은달갈이랑 사이다가 생각나네요 ㅋㅋ"
하이원추추파크,4.0,2018년 8월,가족과 여행함,"아기들이랑가기좋아요 15개월아기랑 네이처빌에예약해서 다녀왔어요
단독하우스에 천장도 높고 거실도넓어서 아기가 뛰어도 눈치도안보이고 아이도 엄청 좋아하더라고요
에어컨도시원해서 시원하게 잘쉬다왔어요
거실에서보는뷰는 산으로둘러쌓여있어서 너무이쁘고요
도착하자마자 스위치백트레인탔는데 1시간정도 걸리는데 기차에 에어컨도 나오고 간식도 팔아요
다음에 시간날때 또오고싶네요"
하이원추추파크,5.0,2017년 11월,가족과 여행함,"기차 테마파크. 아이들이 좋아해요 강원도 하이원 가는길에 들린 추추파크. 숙박시설도 갖추고 있어 숙박도 좋구요. 작은 미니트레인 부터 클라이밍 트레인, 레일 바이크도 있어요. 추천 드리고 싶은건 스위치백트레인이에요. 옛날 기차를 타고 강원도 절경을 즐기면서 놀수 있구요. 마지막 역에서 아이들과 사진도 찍고 놀다가 다시 기차를 타고 돌아올 수 있어요"
하이원추추파크,4.0,2017년 5월,가족과 여행함,"국내 유일 기차 테마파크 기차를 주제로 한 다양한 즐길거리를 갖춘 트레인 테마파크입니다.

미니트레인, 레일바이크, 스위치백트레인을 체험했는데 나름 특색있고 괜찮았습니다.

그중 레일바이크는 내리막길을 내려오는 구조로 속도감 있고 제일 괜찮았습니다.

트레인빌, 큐브빌, 네이처빌 등 숙박시설도 갖추고 있어 머물면서 휴양하기에도 좋습니다."
하이원추추파크,4.0,2017년 1월,출장으로 여행함,"기차를 주제로 한 여러가지 체험시설 기차를 주제로 한 여러가지 체험시설이 있다. 다만 종류가 너무 한정적인것이 아쉬움. 과거에 정선 태백지역에 있었던 스위치백트레인, 인클라인트레인을 체험할 수 있고 엄청 빠른 레일바이크를 탈 수 있는 곳이기도 함. 스위치백은 타보지 못했고 인클라인은 좀 허무한 감이 있음. 레일바이크가 만족스러웠지만 가격이 조금 비쌈."
아바이마을,4.0,2020년 6월,,아바이 순대를 먹고 싶은 이곳으로 속초로 피난온 실향민들이 모여 사는 마을. 때문에 함경도 음식을 하는 음식점들이 많다. 우리가 익히 아는 아바이 순대를 파는 곳도 많이 있다. 드라마 가을 동화의 촬영지이기도 하다. 비록 송승헌과 송혜교 조형물은 전혀 그들과 닮지 않았지만...
아바이마을,4.0,2020년 1월,,"속초 관광 필수 코스 갯배타고 갔는데 실향민들의 마음을 생각하고 둘러본다고 가볼만한 곳입니다.
갯배는 성인 왕복1천원인데 좀 아깝긴 합니다."
아바이마을,3.0,2019년 12월,,"배를 타지 않아도 되지만 전통 배를 타는 재미 배를 타지 않아도 갈 수 있지만 전통배 (줄로 끌어당기는 이동 방식) 를 타보는것도 좋은경험 입니다, 아이들이 매우 신기해 합니다."
아바이마을,3.0,2019년 12월,,"조그마한 마을입니다. 관광색이 짙은 규모가 크지 않은 마을입니다. 갯배타는 거리도 엄청 짧아요 ㅎㅎ.
왠만한 식당들도 다 중간은 하는듯 하니, 오징어 순대 드시고 오세요^^"
아바이마을,3.0,2019년 2월,나 혼자 여행함,그냥 그래요 가을동화 촬영지였던 곳으로 갯배타고 들어가면 바로 마을인데 아바이순대 파는 식당이 몇개 있고 마을 지나면 바다 보이고... 크게 볼거리는 없습니다. 기대하시면 실망하실 수도 있어요.
아바이마을,3.0,2019년 2월,연인과 여행함,차로도 배로도 갈 수있는 마을이라는 명칭이 너무 잘어울리는 곳입니다. 너무 허름하지는 않지만 느낌있어요. 이곳에서 아바이순대는 꼭 드셔보세요
아바이마을,5.0,2019년 1월,,"아바이 마을과 먹거리여행 아바이마을인줄 모르고 갔다가 아바이 마을이라고해서 두리번 거리면서 다녔던 여행
순대가 맛있겠지 했다가 크게 땡기는 식당을 찾기가 어려워서 닭강정 포장하고 물회먹고 돌아왔어요.
크게 볼거리가 많은 곳은 아니지만 아직까지 여유를 느낄만한 동네라는 생각이 듭니다."
아바이마을,3.0,2018년 11월,나 혼자 여행함,"갯배 타고 가요 갯배를 타는 이색경험을 할 수 있습니다.
작은 마을이지만 관광객이 많아서 늘 북적입니다.
특유의 분위기를 느끼기는 어렵습니다."
아바이마을,5.0,2018년 9월,가족과 여행함,"시장 분위기를 물씬 느낄 수 있음 오징어 순대 및 아바이 순대가 정말 맛있었고
튀김 등도 정말 맛있게 먹었습니다.
관광요소가 물씬 나는 분위기의 마을이였습니다."
아바이마을,5.0,2018년 8월,친구와 여행함,"속초하면 아바이순대 순대국밥이랑 순대, 오징어순대 시켜서 아주 맛있게 먹고왔네요
속초에가면 아바이마을에 가야하고 아바이마을에가면 순대를 먹어야죠 ㅋㅋ
아주 만족하고 왔네요"
아바이마을,4.0,2018년 7월,가족과 여행함,"갯배를 타고 갈 수도 있고 차를 타고 바로 갈 수도 있습니다. 아바이마을 갯배가 유명해서 속초중앙시장 쪽에 주차하고 갯배를 타고 왕복했지만, 아바이 마을 주차장에 주차하고 갯배만 왕복으로 즐길 수도 있습니다. 아바이마을에 작은 해변이 있어 조용히 해수욕을 즐길 수도 있습니다. 방파제가 있어 파도가 정말 잔잔합니다."
아바이마을,4.0,2018년 7월,가족과 여행함,아바이순대 아바이 마을을 가기위해서 쪽배를 타고 가봤네요.나름 재미 있었구 배요금에 깜놀 500원입니다 ㅋ.그리고 거리에 또한번 깜놀 바로 앞이네요.암튼 도착후 작은 마을이지만 한바퀴돌고 순대한접시 먹고갑니다
아바이마을,4.0,2018년 6월,연인과 여행함,"순대도 맛있고~ 순대국밥에 오징어 순대 한그릇 뚝딱!!
그리고 카페에서 바다보며 커피 한잔~~~
집에가기 싫어지는 곳....
속초 여행에서 꼭 들려야할 곳"
아바이마을,3.0,2018년 1월,,"그냥... 그냥 저냥 괜찮았는데 생각보다 크지 않구요
항구 근처 마을이라 그런지
냄새가 ㅠ 힘들었습니다 ㅠ"
아바이마을,3.0,2018년 1월,친구와 여행함,"할아버지 순대국 할아버지의 평안도 말인 아바이, 동아시아전쟁(한국전쟁) 당시 평안도의 피난민들이 모여 살게되어 아바이 마을이라고 하며 순대국이 유명하다"
아바이마을,4.0,2017년 12월,친구와 여행함,"아바이마을 산책하기에 좋아요 갯배도 타보고 걸어서 해수욕장도 갔습니다.
아바이 순대 먹으러 가면서 이것저것 구경하기에 좋습니다."
아바이마을,5.0,2017년 12월,친구와 여행함,아바이 순대가 유명해요 아바이 순대먹으러 갔는데 순대말고 가리비와 대게맛집도 많은 것 같아요. 맛집이 많아 즐거웠어요♡
아바이마을,4.0,2017년 12월,친구와 여행함,속초에 간다면 아바이 마을은 꼭 방문 해야죠. 아바이순대는 여기에서 가장 맛있게 즐길 수 있어요. 집에가서도 먹을 수 있게 냉동포장된 것도 판매하니 꼭 먹어보세요
아바이마을,4.0,2017년 12월,가족과 여행함,순대 드시려면 안쪽으로 들어가셔서 비교해보세요. 처음 호객행위 하시는 곳에 들어가서 먹고 나와서 걸으면서 보니 다른데는 좀 더 싸더라구요. 맛은 아마 비슷비슷하겠죠? 그런데 어떻게 전부 아바이순대를 판매하시는지.. 너무 많은 경쟁에 마음이 아팠습니다.
아바이마을,5.0,2017년 11월,연인과 여행함,좋아요 아바이 순대로 유명하여 포장하러 들렀어요. 작은 순대집들이 옹기종기 모인 것이 옛날 느낌이 나서 정겨웠어요. 다들 비슷한 메뉴인 것 같았는데 제가 먹은 오징어 순대도 뭔가 동그랑땡같은 익숙한 맛이 나서 정겨웠어요.
아바이마을,4.0,2017년 11월,친구와 여행함,"갯배타고 아바이순대먹으러 속초 중앙시장쪽에서 예전처럼 갯배타고 넘어가서 아바이 순대 먹으러가는 코스입니다. 주말에는 항상 사람들로 분비지만, 예전모습 갯배체험 해보고싶은 사람들에게 추천합니다. 아바이순대, 오징어순대는 좋아하는 사람들만 좋아하는것 같습니다."
아바이마을,3.0,2017년 11월,가족과 여행함,아바이 순대를 먹으러 가기 좋습니다. 원래 토종순대를 좋아해서 아바이순대도 맛있게 먹었습니다. 그런데 오징어순대가 더 맛있으니까 꼭 오징어 순대도 같이 시켜서 드셨으면 좋겠습니다! 갯배 체험도 5분도 안되는 짧은 체험이지만 신기한 경험이었습니다. 다만 관광명소라기에는 너무 볼거리가 적다는 점이 아쉽습니다.
아바이마을,4.0,2017년 11월,친구와 여행함,"황량한 곳에 위치한다. 속초 시내는 자전거 도로가 잘 되어있다.
자전거를 타고 시내를 돌다보면 탁 트인 고층건물 없는 구간을 지나는데 그곳이 아바이마을이다.
주린배를 채우고 가기 좋은 유혹이 가득한 곳이다.

한때 포켓몬고 아이템이 많이 떠서 흥하기도 했었다."
아바이마을,2.0,2017년 10월,연인과 여행함,"아바이순대 & 오징어 순대 아바이순대 & 오징어순대집만 줄줄히
아무 곳에나 가도 먹을 수 있음
나름 색다른 맛이지만 굳이 먹을만한 음식인지는 모르겠음"
아바이마을,5.0,2017년 6월,친구와 여행함,순대먹을러 가는곳입니다. 순대먹을러 가는곳입니다. 오징어 순대가 맛있는 곳입니다. 저렴하지않지만 가볼만한 맛집들이 있습니다.
아바이마을,4.0,2017년 4월,친구와 여행함,"아바이마을은 순대를 꼭 먹어야함 가면 진짜순대라는 집이 있는데, 꼭 먹어봐야함 정말 너무 맛있음!! 갯배는 타지않았지만 순대를 먹었다! 인생순대! 차가 없다면 막걸리도 마셔볼것"
아바이마을,3.0,2017년 3월,친구와 여행함,"가을동화 1박2일 촬영장소로 유명하죠~~ 아바이순대도 좋고~ 가을동화와 1박2일 촬영장소로 유명한 곳~ 오징어순대, 아바이순대, 생선구이집이 즐비한 곳~ 예스런 가옥들이 즐비해 정취가 있는 곳이다~
중앙시장으로 가는 갯배도 재밌거리라고 할 수 있겠다~
천천히 둘러보고 식사도 하고 가볼만 한 곳~!"
아바이마을,3.0,2017년 2월,나 혼자 여행함,여기저기 1박2일 1박2일 사진이 곳곳에 있어 어디가 진짜인지 모르겠더라고요 티비에서 볼땐 커보였는데 규모가 작더라고요 갯배 타는것도 짧고..아이스크림사먹고 순대는 포장해서 왔어요
아바이마을,3.0,2017년 1월,연인과 여행함,"그냥저냥 너무 닭강정집이 많다는 느낌이있음
구경거리가 좀더 있었으면...
다양함이 필요하다.
먹을것의 다양함의 필요성이 증가"
아바이마을,3.0,2016년 11월,연인과 여행함,"아바이마을 강원도 속초시 청호동에 있는 함경도 출신 이주민들의 집단촌락
본래는 사람이 거의 살지 않던 지역이었으나 수복 이후 피난민들이 거주하면서 마을이 형성되었다
속초 아바이마을은요 !

1.4 후퇴 때 ~국군을 따라 남한으로 내려온 피난민들이
청호동 인근에 정착하면서 생겨난 마을입니다.
대부분 어업등에 종사하면서 실향의 아픔을 잊고자~
모두 함께 모여 살던 동네였지요 !
최근에는 1박2일 촬영 ! 가을동화 촬영 등
다양한 TV에서의 모습으로 큰 관광지로 거듭나게 되었답니다.

<아바이마을 오는길>
차량으로 오신는 분은
네비에 <갯배 선착장> 을 검색하세요!
도착하실 때쯤에 보면 아바이마을 주차장들이
여러개 보이는데요!
그 곳에 주차하시면 됩니다.
(주차비 1시간에 1000원)

대중교통으로 오시는 분은
1번 1-1번 7번 7-1번 9번 9-1번 3번 3-1번 등
거의 모든 시내 버스로 오실 수 있습니다.
(시외터미널 기준 5분 / 고속터미널 15분 소요)
<관광수산시장> 이나 <갯배입구>에서
하차하세요! (도보3분)"
아바이마을,3.0,2016년 10월,친구와 여행함,"이바이마을 갯배를 타고 들어갔는데 사람이 많은데, 갯배를 탈수 있는 사람수는 12명이라, 시간이 많이 소요 되었어요. 하지만 들어가서 아바이순대 / 오징어 순대는 맛있어서 좋았답니다. 마을이 크지는 않아요~"
아바이마을,4.0,2016년 9월,가족과 여행함,"드라마 속 마을이 관광지가 되다. 한국전쟁 후 이북 실향민들이 모여 만들어진 마을입니다.
이북 음식을 만들어 파는 식당도 있는 오래된 마을입니다. 지금은 다리가 놓여져 편히 갈 수 있지만 예전에는 그러지 못 했을 것이라는 상상도 됩니다.
아바이 마을과 건너편 시장쪽을 오가는 갯배도 타 보세요.
선조들의 삶을 느낄 수 있을 겁니다."
아바이마을,3.0,2016년 9월,가족과 여행함,"한번정도는 갈만한곳 장점
신기한 음식점 많음
옛날 아바이마을 사진 전시하여 좋음
단점
사람이 넘 많음
엘리베이터 냄새남ㅠ"
아바이마을,3.0,2016년 9월,가족과 여행함,"아기자기한 시장통 체험은 쏘쏘 뭐 특별한 것을 기대하고 간것은 아니지만, 정말 특이할 것이 없네요. 해변은 유랑객들에 의해 유리병 및 쓰레기가 즐비해서 특히 실망했습니다. 다만 그나마 아이들이 갯배체험을 신기해 하여 시간이 덜 아까웠답니다."
아바이마을,5.0,2016년 9월,연인과 여행함,"아바이순대.오징어순대 휴가때 갔던곳...
아바이순대를 정말 좋아하는데요~
아바이마을에 가면 골목전체가 아바이순대, 오징어순대집으로 가득차있어요.
전 그중 평이 좋은 집을 골라서 갔는데요.
맛도 있고~1박2일에서 나온 갯배체험도 하고 재밌었어요.직접 끈을 당겨 배운전도 해볼수있거든요.
갯배를타고 건너면 수산시장이예요~
오징어순대는 요기서ㅋ
이곳저곳 구경도하고 식사도 할수있어서 좋았어요"
아바이마을,5.0,2016년 8월,가족과 여행함,아바이 순대집 많아요~ 그 유명한 아바이 마을을 방문했습니다. 점심먹으러 갔는데 역시 아바이 순대관련 음식을 파는곳이 많습니다. 골목 골목 규경하는 재미도 쏠쏠합니다.
아바이마을,3.0,2016년 8월,친구와 여행함,"그다지 볼게많지는 않습니다. 갯배타고 금방 입니다.
마을은 조용하고 생각보다 작았으며,
그다지 관광지라고 생각할만한 곳은 아닌듯 합니다.
그냥 속초간김에 들러 보는 코스인듯해요."
아바이마을,3.0,2016년 8월,연인과 여행함,속초에 갈때마다 들르게 되는 곳입니다. 특별히 뭐가 있는건 아닌데.. 속초에 갈때는 들르게 되는 곳입니다. 식당들이 모여있어서 맛있는 점심 먹고.. 커피 한잔 마시면서 바다 산책하기에 좋습니다. 중앙시장도 가까워서 여행코스 위치로 괜찮습니다.
아바이마을,5.0,2016년 7월,친구와 여행함,조용하고 작은 바닷가 물놀이를 하러 아바이마을에 갑니다. 조용하고 한적하며 물은 매우 맑습니다. 다른 해수욕장보다 이곳을 좋아합니다.
아바이마을,5.0,2016년 7월,가족과 여행함,아바이마을 625 동란 이후 탈북 실향민이 정착해서 생긴 마을 이지만 지금은 상점들로. 앞에 해변은 한가함. 갯배 체험 할 수있고. 가을 동화 촬영지 이기도 함
아바이마을,5.0,2016년 7월,친구와 여행함,"귀엽고 좋아요 속초 시내에서 갯배타고 아바이 마을 꼭 가보세요..
갯배타는곳이 중앙시장에서도 가까워서 다니시는데 편할꺼에요..
중앙시장에서 간식사드시고 갯배타고 아바이 마을가서 바다보이는 카페에 앉아서 커피드시면 좋더라구요 혼자가시면 멍때리기도 좋고 힐링이 절로 됩니다. 교통편도 편리하고 갯배도 편도에200원(?) 100원(?) 정도 였던거 같네요 강추합니다. ^ ^"
아바이마을,4.0,2016년 7월,친구와 여행함,실향민들에 의해 만들어진 마을 한국전쟁때 피난내려온 북녘사람들에 의해 만들어졌다 해서 그쪽 사투리 '아바이'가 붙었다. 그들이 만들어낸 아바이 순대는 유명해졌다. 갯배를 타고 다니던 그 시절을 돌이켜 볼 수 있어 향수가 남겨진 마을이다.
아바이마을,4.0,2016년 6월,연인과 여행함,"아바이 순대와 냉면 아바이 순대와 냉면, 식해를 먹을 수 있는 동네지만, 특별히 구경할 거리는 없다. 작은 마을."
아바이마을,4.0,2016년 5월,가족과 여행함,"독특하지만 그렇게 감흥이 있는 곳은 아님 드라마, 각종 예능으로 인해 유명세를 탄 곳인데.. 저는 이제야 가봤습니다.
그래서인지 생각보다 작은 규모에 그다지 뷰가 멋지거나 새롭지 않아 크게 만족스럽진 않았습니다.
그냥 갯배 한번 타보는 정보...가 신기할뿐.
아바이마을 안에는 순대집들이 많고 갯배 건너 시장쪽에는 생선구이집이 많은데,
순대국도 약간 서울과 다르고, 아바이순대, 오징어순대도 특색있는 음식이니 한번 먹을만 합니다."
아바이마을,4.0,2016년 5월,친구와 여행함,"식사 후 산책하기 좋네요 다리가 생겨서 차로 바로 들어갈 수 있어서 괜찮았고, 다리 밑이나 해변가 쪽으로 주차공간도 많아요. 식사하기도 좋구요, 역시 아바이마을은 순대겠죠. 식사 후에는 근처 해변가 산책이나 등대 쪽으로 걸어가면서 산책하는 것도 괜찮습니다. 저는 그냥 차를 타고 갔으나 갯배를 타고 들어가는 것도 괜찮은 체험이 될 것 같습니다. 갯배 타는데는 편도 200원이라고 하네요."
아바이마을,4.0,2016년 3월,연인과 여행함,"즐거웠습니다 드라마 촬영지도 있고 갯배타고 들어가는 재미가 있었습니다
어떻게 마을이 형성되어있는지에 대한 안내도 있었고 주변에 식당도 엄청나게 많았습니다

한번 쯤 속초온 김에 들르면 괜찮을 곳입니다"
아바이마을,4.0,2016년 2월,출장으로 여행함,이북 출신 분들이 많이 사신다는 마을 아바이 마을에 있는 횟집에서 물회를 먹은 기억이 있는데 아주 맛있게 먹었습니다. 특이한 볼거리는 없습니다.
아바이마을,3.0,2016년 1월,가족과 여행함,이북 실향민들의 고향~ 속초 아바이마을은 오징오순대로 유명합니다. 냉면과 가지미식혜도 별미이구요 방문할 때 갯배를 타고 가면 편리하구요 가을 동화 촬영지로 유명합니다
아바이마을,4.0,2016년 1월,가족과 여행함,"이제는 쉽게 갈수 있어 좋아요 예전에는 갯배를 타고(가을동화에 나왔었죠!) 들어가야 했는데
이제는 다리가 생겨 쉽게 접근이 가능합니다."
아바이마을,5.0,2016년 1월,가족과 여행함,아바이 마을 순대 먹고 왔습니다~ 어릴적 보았던 '가을동화'의 고장 아바이 마을에 직접 가서 먹은 아바이 순대는 역시나 맛있었습니다. 관광객이 많은데도 호객행위가 없어서 관광할때 좋았습니다.
아바이마을,4.0,2016년 1월,친구와 여행함,"속초가면 들러야할 곳 200원짜리 갯배 타는것도 재미잇고, 아기자기 귀여운 마을. 해변도 너무 예쁘고, 해변이 보이는 카페에서 커피 한 잔하는 것도 정말 좋다."
아바이마을,5.0,2016년 1월,가족과 여행함,"아바이마을 갯배타고 가는거 재밌고 아바이마을에서 오징어순대, 가을동화촬영지 둘러보세요
너무 이쁘고 귀여운 마을이예요"
아바이마을,4.0,2016년 1월,연인과 여행함,아바이 순대로 유명한 마을 속초 여행때 점심 먹으러 들렀던 마을입니다. 순대로 유명해서 식사시간에 순대국밥이랑 아바이순대 먹으면 좋을 것 같아요. 주차는 주말이라 그런지 길가에 주차하면 되구요. 다리를 건너 가는데 이것 또한 운치있네요. 지역주민보다 관광객들이 더 많은 마을 같아요.
아바이마을,5.0,2015년 12월,가족과 여행함,"속초에가면 한번 방문하기좋은곳 갯배200원이면 건너갑니다
아바이마을에서 음식을 먹진않았지만
이쁜집구경도하고 바다도보고
귀여운 고양이도 만나고
겨울인대도 생각보다 많이 춥진않았고
한번쯤은 꼭 가볼만한듯해요
음식들이 많이 저렴한편은아니지만
관광객들에게는 볼거리제공에좋아요"
아바이마을,3.0,2015년 12월,가족과 여행함,"좋아요 갯배를 잠깐 타는 것도 좋고, 마을이 작으면서도 아기자기 해서 갈 만한 것 같아요
하지만 오징어 순대는 별로였어요"
아바이마을,3.0,2015년 12월,나 혼자 여행함,실항민 마을 실항민 마을로 개발이 늦었지만 최근 몇년사이 많은 변화가 있는곳으로 해안공사와 더불어 팬션과 커피숖 민박이 다수 들어섬. 해수욕장을 끼고 있으며 가을동화 촬영지로도 유명함. 갯배로 갈수도있고 대교를 타고 갈수도있음. 생선구이집이 최근 유명해지고 있음
아바이마을,4.0,2015년 12월,가족과 여행함,"가볍게 뱃놀이와 맛있는 음식, 그리고 해변가를 한번에 즐길수있는곳. 속초 중앙시장과 연결된 가까운곳으로 매우 편리하고 즐거운곳입니다. 생선, 두부, 튀김류를 판매하는 음식점과 가볍게 해변가에서 놀수있고, 200원으로 이동하는 배를 타는 재미도 있습니다."
아바이마을,3.0,2015년 12월,가족과 여행함,"구아바이마을에 가서 헤매기도 했어요 네비게이션이 알려주는 아바이마을로 갔는데, 기대했던 것과는 다른 곳이었어요. 건너편에 쪽배가 보이는 곳이 있는데 그곳이 더 좋았던 기억이..ㅠㅠ"
아바이마을,3.0,2015년 11월,,"갯배만 재밌었어요~ 가을동화 촬영지라 잔뜩 기대하고 갔는데 갯배말고는 생각보다 별로였습니다 ㅠㅠ 특정방송상호만 여기저기 널려있고 다들 상업화된 것 같아 솔직히 좀 속상하더라구요..
갯배는 짧지만 해보고 싶은 사람은 줄을 당겨볼 수 있어서 재밌었습니다-"
아바이마을,5.0,2015년 11월,연인과 여행함,"분위기 최고~~ 분위기 있는 아바이 마을~~순대집을 쭉 가로질러 바다가 나와요 어찌나 예쁜지~~
갯배를 200원에 타고 가는재미도 솔솔~~
가을동화 촬영지였다는데 예쁜 분위기가 드라마 촬영지로 딱이였을 느낌이에요 바닷가앞에 아기자기한 커피집도 분위기를 살려줘요"
아바이마을,5.0,2015년 11월,연인과 여행함,"아바이순대마을 꼭 가보세요 아바이 순대마을에서 순대랑 비빔국수 먹고 왓어요
오징어순대 정말 속이 꽉차서 맛있구요
바로 앞에서 갯배타고 넘어가면 속초중앙시장나와요"
아바이마을,4.0,2015년 10월,친구와 여행함,"아바이 마을과 갯배... 속초지인집에 놀러가서 밤 새 술 마시고...아바이 마을 로 순대 먹으러...
순대국밥집에서 일행들은 순댓국과 오징어 순대를 시켜 먹었는데 전 날 숙취로 아무것도 못먹어 아직도 아쉬웠다. 순대국집앞에 조금만 걸어나오면 바다 해변이 있고 벤치도 있고,...
순댓국 맛나게 먹고 벤치에 앉아 차 한잔...완전 좋을 듯...

근데...바람 엄청 분다..."
아바이마을,4.0,2015년 10월,나 혼자 여행함,"오징어 순대가 기억 나는 곳 아바이 마을에서 먹은 오징어 순대는 참 별미 입니다.
그리고 옥수수막걸리에 여러가지 먹을거리가 많아서
몸무계 유지하기 어렵게 하는 곳이지요."
아바이마을,4.0,2015년 10월,친구와 여행함,"아바이 하면 순대지요! 아바이마을은 순대로 유명하지요. 아바이순대 뿐만 아니라, 오징어순대, 순대전골, 모듬순대도 맛있습니다. 서울과는 차원이 다른 맛이에요."
아바이마을,2.0,2015년 10월,친구와 여행함,그냥그래요. 갯배타고 넘어갔는데 생각보다 볼것은 없고 음식점만 즐비한거같습니다. 갯배체험하는걸로 만족해야할듯합니다.
아바이마을,4.0,2015년 9월,가족과 여행함,"조용한 해변, 호젓한 해수욕 순대나 생선 정식 맛있는 곳이 많지만 조용한 해변 때문에 많이 찾습니다. 사람도 많지 않고 호젓하게 해수욕을 즐길 수 있습니다."
아바이마을,3.0,2015년 9월,친구와 여행함,"중앙시장에서 멀지 않은곳. 중앙시장에서 배타면 바로 갈 수 있는 곳이에요. 그런데 차로 가려면 빙 돌아서 가야해서 시간이 좀 걸린답니다. 아바이 순대를 파는 곳이고 순대집이 쭉 있는 골목이 전부 다예요.
송혜교가 가을동화에서 이걸타고 들어가는 부분이 나와서 유명해진 케이스죠.
별건 없어요.
그래도 순대는 괜찮슴다. 오징어 순대도 좋아요"
아바이마을,5.0,2015년 9월,연인과 여행함,"현대화 아바이 마을 순대 먹으러 갔는데, 예전과 다르게 많이 변했더라고요.
완전 현대화 되었고.. 깨끗하네요."
아바이마을,3.0,2015년 9월,가족과 여행함,그냥 들릴만한 곳이에요 지나가는 길에 잠시 들려 순대를 먹고 왔는데. 생각외로 그리 좋다고 하기에는 .....1박2일에서 보고 꼭 한번 와보고 싶었는데... 기대치 이상은 아니었던것 같아요.
아바이마을,4.0,2015년 8월,연인과 여행함,"아바이마을... 속초 다리 사이에 있어서 그냥 지나치기 쉬우며, 작지만 예쁘고 어름다운 곳이죠. 개인차겠지만 전 이런 덜 알려진곳을 선호합니다."
아바이마을,3.0,2015년 4월,가족과 여행함,아무것도 아닌 갯배가 추억이 되는 곳 이곳은 아바이순대로 유명한 곳입니다. 편도 200원이예요. 손님이 줄을 끌 수 있기도 합니다. 아주 짧은 구간이지만 추억이 됩니다. 건너시면 커피집들이 있는데.. 의외로
아바이마을,5.0,2014년 9월,연인과 여행함,"고즈넉한 분위기가 매력을 더하는 곳 아바이 마을에서 파는 각종 음식들과 갯배, 그리고 바닷가... 어떻게 보면 별 것 아닌 것들이지만 이것들이 모여 하나의 추억이 되는 것 같습니다.
어디든 그렇겠지만 성수기때의 북적북적한 마을보다 한적한 아바이 마을은 그 고즈넉한 분위기가 마을을 더 매력있게 만들더군요.
가을동화에서 처럼 갯배(200원)를 타고 들어가 간단히 식사하시고 마을과 바닷가 한바퀴를 산책 한 후 커피 한 잔의 여유를 즐기고 오시기 바래요.
하지만 너무 큰 기대는 하고 가시지 않으셨으면 좋겠습니다^^;"
아바이마을,2.0,2014년 8월,친구와 여행함,"아바이순대를 먹어봐야 하는곳 아바이 순대를 먹어봐야하는 곳.
제가 느낀건 사실 그거 말고는 없었어요^^;
기대가 커서 그런지.. 특별한 매력은 없었습니다.

꼭! 이건 봐야겠다!! 하는게 없는 분이라면 굳이 않가도 괜찮습니다."
아바이마을,3.0,2014년 5월,,"아바이 마을: 풍부한 오징어 soondae (순대) 바닷가와 해산물로 유명한 속초를 전국에서 많은 사람들이 찾는 시기인 봄 연휴동안 우리들도 갔었죠. 사람들이 너무 많지 않았다면 아바이 마을은 멋진 곳이었겠고요. 거기엔 식당이 참 많고 공원엔 그곳에서 촬영된 유명한 영화 포스터도 걸려있어요.좋은 곳이예요 특히 순대는 훌륭하고요. 경치도 멋지죠. 근데 제가 꼭 알려주고 싶은 것은요, 식사하러 갔을때 신발을 바깥에 벗어두지 말라는거예요. 한국의 큰 도시와는 다르게 CCTV가 많지 않거든요. 하지만 대부분의 식당에서 신발을 넣어 식당안으로 가져들어갈수 있도록 비닐백을 준비해두었으니 주의하세요.
."
아바이마을,5.0,2014년 2월,연인과 여행함,오징어순대가 있는 곳 속초갔다가 아바이 마을이 유명하다고해서 오징어 순대 먹으러 갔어요 처음먹어봤는데 진짜 자꾸 생각나요 ㅜ 앞에 항구도있고 대교도보여요 순대먹고 커플이 운영하는 작은 커피숍가서 아메리카노 마셨어요 햇빛도 좋고 즐거웠습니다. 4월에 또 방문예정이에요ㅋ
아바이마을,4.0,2013년 1월,연인과 여행함,"바다 내음이 음식맛을 더하는 이곳! 오랫만에 찾은 속초,
여러가지 이유가 있었지만 그중에서도 유독 이곳, 아바이마을이 그리워서였습니다.
몇년 만에 아바이마을의 명물인 갯배도 타보고, 오징어순대, 아바이순대, 닭강정 등
맛있는 먹거리들을 실컷 즐기고 왔네요.
음식도 맛있고, 분위기도 멋있고,
올때마다 기분좋은 추억 많이 만들고 가는 속초 아바이마을,
강원도 놀러가시는 분들께 강추합니다!"
아바이마을,3.0,2020년 2월,,영금정 아바이 마을 영금정을 방문한 후 평화로운 바다 전망을 즐길 수있는 2 개의 아치교를 따라 아바이 마을으로 걸어 갈 가치가 있습니다. 그러나 바쁘면이 점을 건너 뛰어도 후회하지 않을 것입니다.
아바이마을,4.0,2020년 2월,,"작은 작은 마을, 많은 작은 간식 박제 오징어와 아이스크림 같은 많은 음식. 로밍하는 것이 좋습니다. 일부 식당에는 꽤 긴 줄이있었습니다. 해변이나 등대를 걷고 있다면 걸어서 좋습니다."
아바이마을,3.0,2019년 11월,연인과 여행함,오징어 소시지는 좋지만 볼거리는 많지 않습니다. 우리는 작은 보트를 여기에서 가져갔습니다 (사람-밧줄로 잡아 당겼습니다. 흥미로 웠습니다). 옆에있는 바다와 함께 먹을 수있는 멋진 식당을 찾고 있다면 이곳이 좋을 것 같습니다. 그렇지 않으면 다른 사람에게 추천할지 확실하지 않습니다.
아바이마을,3.0,2019년 10월,,정통보다 더 많은 관광객 이곳은 한때 속초의 전통 어업 거리 였지만 요즘에는 네온과 식당가에서 마을이 아니라고합니다. 작은 식당들로 가득한 짧은 거리입니다. 도시에 있지 않고 산책하고 싶지 않다면 정말 문제가되지는 않습니다.
아바이마을,5.0,2017년 8월,나 혼자 여행함,아주 친절한 사람들 여기 직원들이 매우 친절하고 했다. 저는 여기서 많은 사람들이 한국 사람들 중에 있는 해당 한국 전쟁 으로 떠났다. 저는 북한 에 대해 soondae (돼지 의 피지 소세지) 아바이 soondae 합니다. 이 해 준 식당에 제공됩니다. 이 모든 것을 하지 않았다. 제가 좋아하는 soondae 더 일반적인. 즐길 수 있는 토.
아바이마을,5.0,2017년 7월,연인과 여행함,"흥미로운 역사 이 마을의 역사에 대해 조금 자세히 최대한 사용자_이름:.
작은 해산물 식당과 기념품 가게들이 많은."
아바이마을,4.0,2017년 4월,가족과 여행함,사랑하는 수상 택시 만약 k - 드라마를 좋아하는 마음이 가을 기나발루에! 우리는 택시를 타고 물을 돕 전체 운하. 이 지역에서 다리 actresses 주 집이 길 건너에 있는 표시를 볼 수도 있는 것이 tv 와 k - 드라마 재생할 수 있습니다.
아바이마을,4.0,2017년 3월,연인과 여행함,"흥미로운 중에 광범위한 탐사 말하지 않는 리뷰들을 읽고. 이는 북한 사회가 할 것이 아니라 한국인. 저는 한국에서 3일 후 어드바이저에 말하는, 어쩌면 내 눈 에는 한글 단어의 차이를 구분하지, 메뉴 요리 등이 있다. 그럼에도 불구하고, 이 흥미로운 호텔, 작은 경우, 을 탐험. 우리는 도시에 체인 다시 페리 수산 시장."
아바이마을,3.0,2017년 1월,나 혼자 여행함,많지 않은 것을 볼 수 있는 지역 관광 장소인 레지던스 입니다. 관광 정보들이 있다. 경치 좋은 해변이 있지만.
아바이마을,3.0,2016년 12월,친구와 여행함,"유명한 어촌 마을 작은 동네 산책하기에 시간이 있다면. 분위기는 조용하고 평화로운. 많은 해산물 레스토랑.
이슬람 의 관광, 할 수 있고, 간단하게 음식을 먹을 수 있는 지. 할랄 음식은 좀 어렵"
아바이마을,4.0,2016년 10월,연인과 여행함,"배고픈 이동 이는 훌륭한 음식에 대한, 공복 이 확인할 경우. 이미 먹을 경우, 그리고 많은 커피샵도 해 주고. 흥미로운 오래된 커뮤니티는 몇 년 전에 한국인이 정착 할 수 있는."
아바이마을,4.0,2016년 9월,가족과 여행함,큰 놀라움 밖에서 본 준비. 가족 안에 있고. 북한 최고의 요리는 가격 대비 훌륭함. 장관은 아니였지만 한국 역사의 중요한 부분.
아바이마을,4.0,2016년 7월,연인과 여행함,"속초 낚시 마을 이 독특한 작은 어촌 마을이 많은 레스토랑이 있을 수 있는 다양한 종류의 신선한 수산물 을 구입할 수 있는 제품 / 오션 씨푸드 (등의 모든 물고기, 게, 문어, 등). 확실히 좋은 곳의 일부가 다른 종류의 음식을 시도해 봅니다."
아바이마을,3.0,2016년 5월,친구와 여행함,"레스토랑과 카페들이 거리를 이것은 정말 작은 마을은 레스토랑과 카페들이 줄지어 있고 큰 거리.

저는 특히 관심을 찾지 않았다 ""내 마음에 있는 것 입니다"". 나는 채식 아이스크림이 있어서 그 날 또는 해산물 하지 않습니다.

이 좋은 카페에 앉아서 항구에서 보트를 봐서.

정말 흥미로운 것을 찾을 수 있는 보트 gaetbae 근처 (바로 옆에 있는 청동 조각상 보여 주는 드핀을 가을 내 마음의 연구) 에 있는 센싱라인 중앙점 동 에서 아바이 마을. 나는 이 전에 같은 것은 볼 수 없습니다. 이 배는 배에 손님을 끌지 수 있는 강철 케이블간 당겨 꺼냅니다. 확실히 흥미롭고 독특한 경험 입니다! 그냥 여행 당 200won!"
아바이마을,4.0,2016년 1월,,"독특한 작은 어촌 마을의 맛있는 아이스크림 속초에 있는 설악산으로 향하는 다음 날 볏가을을. 저는 이 마을을 방문하기 때문에 다른 곳의 분주함 입니다. 다리 중간에 껴 있는 빨간색과 파란색. 해산물 레스토랑 하나 메인 스트리트 속입힘.

한 번에 도착, 우리는 우리의 저녁 식사를 할 수 있는 즉시. 분위기는 조용하고 평화로운 약 7시 싶었을 뿐이지만. 우리가 간 레스토랑 중 임의로 모든 메뉴가 거의 동일 하다. 제공되는 메인 요리 아바이 아이스크림 (인형 돼지 창자), 아이스크림 (박제 오징어) 펴주므, 그리고 생선 구이. 채워진 아이스크림 의 입을 수 있는, 유리로 만든 국수, 돼지 고기 피지, 등... 신선하고 맛있는 오징어 가 오징어 아이스크림. 실제로. 저는 집에서 다시 피가 국가나 돼지 고기를 먹지 말입니다. 하지만, 이는 이 마을을 뗀다. 시도해 보고 후회는 없기 때문에.

우리는 다음 날 늦은 오후에 돌아와 이 마을을 방문한 설악산. 우리는 위로 올라가서 다리 및 빨간색의 풍경에 실망시키지 않았다. 그러면 마을의 전망, 속초 해변, 섬 jodo, 그리고 등대. 우리는 다시 gatbae (수동 시림더식 보트) 보트가 있어서 방문 및 지속적인 속초 관광 단지 내에서 걸어서 흑옥의 두번째입니다."
아바이마을,4.0,2015년 12월,친구와 여행함,"사랑스러운 마을 이는 열심히 찾아, 렌터카가 있었음에도 불구하고. 나는 이 곳이기 때문에 받은 날짜의 인기 드라마 촬영지 에서. 있는 곳이 많으니 soondae, 하기가 힘듭니다. 보이는 곳이라고 생각하는 온라인, 많은 식당들 이지만 나중에 깨달은 동일한 이름을 가진. 하여튼, 우리는 좋은 점심. 잊지 말고 꼭 두둑 동 동주, 이 곳에서 밖에 판매. 정말 멋졌어요! 보트가 귀엽 gaetbae, 그러나 ""기타"" 에 많지 않은 걸 보면, 우리는 카페에 가서 팥빙수."
아바이마을,3.0,2015년 11월,가족과 여행함,"작은 마을의 좋은 카페 저희는 정말 보트를 즐길 수 보트 gaetbae 부모님 장치메 아바이 마을.
우리는 택시를 타고 속초 등대 어 우리 호스텔이다.
몇 가지의 좋은 카페는 카페 마루 아바이 선택할 수 있습니다. 좋은 인테리어와 커피. 이 조용한 장소. 관광객들이 많지 않습니다."
아바이마을,4.0,2015년 10월,친구와 여행함,체리 가 커피 샵 을 찾다 귀여운 마을. 보는 팬이 많지 않으면 kdrama. 아 라는 커피샵이나 비슷한 벚꽃 에 있습니다. 한국에서 최고의 커피. 그는 긴 검은 실제로 일반적인 - 아시아에서 아메리카노 싸가지.
아바이마을,5.0,2015년 6월,가족과 여행함,"작은 마을인 해변과 좋은 카페 나는 이 작은 섬 해변 靜肅性. 아바이 마을을. 보트 gaetbae 아바이 마을 추천하고, 기본적으로 강을 건너는 보트를 이용한 금속이 먼저 다 있는 걸림턱. 주위에 물어 가는 방법을 포트에. 아바이 마을이 유명한 지휘자 로서 촬영지 ""가을 내 마음"". =)"
아바이마을,4.0,2015년 4월,연인과 여행함,"오래 걸어서 우리 모텔, 그만한 가치가 있었지만 많은 작은 음식점들, 훌륭한 바다 음식. 한국 전통 음식, 전통적인 요리 방법. 우리는 한 채 의 큰 다리로 연결되어, 엘리베이터를. 하는 것이 재미있는 고양이를. 그곳의 사람들은 매우 친절하고, 따뜻하게 맞아주었고, 부담이 없었습니다. 생수도 무료로 제공되는 음식."
아바이마을,3.0,2015년 4월,가족과 여행함,"조용하고 독특한 섬 이 섬은 보트를 타고 2분 정도 걸리더군요. 작은 섬, 보트를 타고 래프팅을 통해. 보트는 긴 금속 체인 들을 운영하는 줄다리기 당깁니다. 믿을 수 있는 트랙 바로 아래. 흥미로운 편. 이 섬은 관광객이 거의 없고 조용합니다. 볼 수 있는 수 많은 물고기와 말린 현악기 sunned. 몇 몇 식당들이 떨어져 있는 작은 섬. 길거리에서 아이스크림을 샀다. 1 2 시간만 갈 수 있는 곳이기에 끝까지. 멋진 해변의 경치를 등대 트래스퍼머. 더 아무것도 할 수 있는 시간이 있다면 이곳에 가볼 만합니다 편집됨,."
삼척 해양 레일바이크,5.0,2020년 10월,,"좀 더 편한 코스를 찾는다면 궁촌역에서 출발해서 용화역으로 가는 코스를 추천해요.
바닷길이지만 내리막으로 좀 편하게 갈 수 있어요.

한 여름에도 시원한 터널을 지날 수 있고, 힘들게 패달을 밟지 않아도 되서 더 즐겁습니다."
삼척 해양 레일바이크,4.0,2019년 6월,가족과 여행함,"용화역에서 타세요 나름 괜찮아요
레일바이크는 여기가 처음이지만 좋았습니다
궁촌역에서 타면 오르막길이 많아서 힘들다고 하더라구요
용화역에서 탔을때 오르막길 조금만 있어요"
삼척 해양 레일바이크,3.0,2018년 10월,가족과 여행함,레일바이크 5월에 갔는데 날이 흐리고 바다가 바로 옆이라 그런지 추웠어요. 좀 쌩쌩 달릴수 있을지 알았는데 앞에서 엄청 천천히가면 재미가 없네요. 빠르게 타실분들은 앞쪽에 앉으세요.
삼척 해양 레일바이크,5.0,2018년 10월,가족과 여행함,레일바이크 추천합니다. 바다의 기찻길을 따라 풍경을 감상하며 즐길수있었습니다. 적당히 힘들지않은 코스이며 우측에 바다를 끼고 올라가능 코스를 추천합니다
삼척 해양 레일바이크,3.0,2018년 5월,가족과 여행함,"애매한 코스 바다를 끼고 가는 코스는 장점.

중간에 의무적으로 들려야 하는 휴게소 포함 1시간 걸리는 코스의 1/4 가량은 터널, 그외에도 마을등을 거치느라 실제 바다를 볼 수 있는 구간은 제한적이라 딱히 코스 구성이 좋다고 하기에는 애매한 곳."
삼척 해양 레일바이크,5.0,2018년 4월,연인과 여행함,"삼척해양레일바이크 추천합니다 양양레일바이크,삼척 레일바이크 모두 탔는데
삼척레일바이크가 전 더 좋네요
바다를 계속 보고갈수있어서 너무 좋아요
삼척가시면 꼭 타보세요"
삼척 해양 레일바이크,4.0,2017년 12월,가족과 여행함,"삼척 해양레일바이크 삼척시티투어의 일환으로 해양레일바이크를 체험했다. 날씨가 추워서 손이 좀 시렸지만 몸을 움직여
페달을 밟으면서 운동도 하고 해변 경치도 구경할수 있어서 일석이조였다. 형형색색 조명으로 꾸며놓은 터널도 볼만하였다. 특히 삼척 출신 마라톤 영웅 황영조의 이름을 딴 터널이 인상적이었다. (3인용: ￦30,000) 용화역 종점까지 거리가 꽤 되는지라 노약자에겐 약간 무리가 될수도..."
삼척 해양 레일바이크,5.0,2017년 11월,가족과 여행함,레일바이크 후기 미리예약을 하시고 가셔야 됩니다. 제법 코스가 길어서 운동이 됩니다. 터널을 잘 개조해 놓았습니다.
삼척 해양 레일바이크,5.0,2017년 10월,나 혼자 여행함,궁촌-용화 레일바이크 레일바이크 타는 동안 풍경이 매우 좋으며 한반쯤은 꼭 타봐야할 레일바이크. 예약이 항상 만원이나 현장에가면 가끔표가 나와있으니 물어보길!
삼척 해양 레일바이크,2.0,2017년 10월,가족과 여행함,"일단 운영부터 공정하게 하세요. 인터넷 예약을 받고 나머지는 현장에서 발권합니다. 당일 티켓은 오전 8:00부터 줄 선 순서로 선착순 판매하여 공정해보이지만, 불쾌한 일이 있었습니다.

어떤 진상이 오늘 표가 다 떨어졌다는데도 자기는 부산에서 여기까지 왔다고~ 내일 표를 지금 달라고 한참을 버텼습니다. 다음날 오기 귀찮다는 것이죠. 그만하고 갔나 싶었는데 직원이 커피 마시러 나오는 사이에 돈을 찔러주더군요. 직원은 받고 해준다고 하고요. 그 돈이 표 값이라서 거스름돈을 준 건 지는 모르겠지만, 어쨌든 표의 값보다는 더 주었구요.

당시에는 진상에게 시달리는 직원이 안타까워서 그런가보다 넘어갔는데 생각해보니 이건 아닌것 같았습니다. 규칙을 지키고 기다리는 사람들을 무시하는 행동이고 결국에 그런 진상짓을 계속하게 만드는 것이죠. 손님들에게만 규칙을 강요할 것이 아니라 직원들도 잘 지키시기 바랍니다. 보는 눈이 없다고 생각했는지 모르는데 보는 눈이 없을 수록 잘 지켜야죠.

시설 이야기를 하자면, 먼저 야간은 굳이 탈 필요 없다고 생각합니다. 당일 표가 없어서 야간에 탔는데 바다가 보이지 않으니 절반정도는 깜깜한 곳을 가는 기분이었습니다. 나머지 절반의 터널에 조명을 만들어 두었는데 예쁘고 신기하기는 하지만 그것만으로 이용하기에는 부족합니다.

내리막길에서 속도가 붙어 재밌는 점이 있으니 레일바이크를 타보지 않은 분들이라면 한번쯤 이용해보셔도 좋겠습니다. 바다 날씨가 예쁜 날이라면 타셔도 좋습니다. 저는 바다도 안 보였고 숲길도 어둡기만 해서요. 최악을 주고 싶지만 레일바이크라서 하나 올렸습니다."
삼척 해양 레일바이크,5.0,2017년 6월,출장으로 여행함,재미있어요 레일바이크 여러 곳에서 타봤는데 여신 바닷가를 끼고 도는 거라서 시원하고 색달랐어요. 중간중간 힘든 구간은 전기로 동력을 줘서 그렇게 힘들지 않아요
삼척 해양 레일바이크,4.0,2017년 6월,친구와 여행함,"달리고 달리고.. 가족들과 함께 타고 달리기 좋은..
하지만..다리가 아플수도 있습니다..
동굴은 두번째까진 재미없고, 시설도..좀..색다름이 없는..
하지만 마지막은 내리막길이라 스피드도 있고 재미있습니다"
삼척 해양 레일바이크,1.0,2017년 5월,연인과 여행함,단체관광용? 용화->궁촌코스 했습니다. 오르막이 많아요...레일바이크 시간대별로 줄지어 타야해요.. 남들쉴때 같이 쉬어야하고.. 천천히 탈수도 빨리 탈수도 없습니다. 앞사람 따라가야하고 뒷사람 쫒아오니까요.. 터널이 반이에요... 다른곳 레일바이크는 어떤가요? 여수에서는 너무 좋았는데... 여기꺼는 다시는 안탈거 같아요.. 33000원이 아깝네요..
삼척 해양 레일바이크,3.0,2017년 1월,가족과 여행함,"꼭 타 볼 필요는 없는 것 같아요. 일단 해변가를 달릴 때는 경관도 좋고 예쁜데요, 해변가보다 터널을 지나는 구간이 훨씬 길어요...좀 지루하다는 느낌이 들었어요."
삼척 해양 레일바이크,3.0,2016년 12월,친구와 여행함,"레일바이크 체험 궁촌에 레일바이크 역이있고 남쪽으로 가면 황영조 기념공원지나 용화 레일바이크 정류장으로 가는 코스 . 해파랑길 31코스 시작점 임
겨울에는 그다지 찾는 사람이 없는 듯"
삼척 해양 레일바이크,4.0,2016년 11월,,추천 용화정거장에서 출발해서 바닷가 를 따라 철길위를 신나게 달리며 터널안 감상하기도하고 바다내음맡으며 달리다보면 1시간 금방지나가더라구요~
삼척 해양 레일바이크,4.0,2016년 10월,가족과 여행함,"삼척-용화 간 해양레일바이크 용화에서 삼척 방향으로 약 1시간 가량 레일 바이크를 타고
바다 풍경, 조명이 설치된 굴, 휴게소 등을 즐길수 있는 곳!
반대편 삼척에서 용화방향은 오르막 길이 많아 힘들어 보임!!
재미삼아 한번쯤은 좋으나, 바이크 폐달 돌리기 귀찮음.ㅋㅋ"
삼척 해양 레일바이크,4.0,2016년 8월,연인과 여행함,삼척가면 한번정도 탈만한것 삼척 바닷길을 끼고 터널을 지나 멋진 조명장식과 자연을 동시에 즐길수 있습니다. 피크때는 미리 인터넷을 통해 예약을 하고가야할듯 싶습니다. 중간에 휴게소도 있고 자동으로 움직이는 구간도 있어 크게 힘들진 않습니다.
삼척 해양 레일바이크,4.0,2016년 8월,가족과 여행함,"삼척레일바이크 삼척레일바이크 기대이상의 재미와 볼거리
해변 옆을로 이동해 바다를 볼수있음, 생각보다는 힘들지않고 오르막코스에서는 자동으로 전화되어 폐달을 밟지 않아도됨, 가는동아 동굴을 지나치는데 또하나의 재미를 준다.
여름이라면 한낮보다는 오후 5시 이후를 권장, 미리예약 필수(이용객 많음) A포인트에서 B포인트 이동시 다시A 포인트로 셔틀로 이동시켜줌, B포인트 출발시도 마찬가지임(선택 가능)
중간 휴게소도 있음(가격이 조금비쌈 물500ml하나에 1500원 정도
먹을것을 가지고 탑승해도됨 총 이동시간은 1시간정도 소요
추천 합니다."
삼척 해양 레일바이크,3.0,2016년 8월,가족과 여행함,"삼척의 또다른 명소 해양 레일바이크 입니다. 바닷가로 난 레일을 달리는 것이라 조금은 힘들수 있습니다.
게다가 반짝반짝 빛나는 조명동굴을 지날때 사진을 꼭 남겨보세요."
삼척 해양 레일바이크,5.0,2016년 7월,,"정말 아름다운 레일바이크 삼척레일바이크는 동해 바다를 끼고 건설된 레일바이크입니다. 용화역>궁촌역, 궁촌역>용화역으로 되있습니다.
다시 돌아가는 셔틀버스가 있습니다. 터널도 있으며, 오르막 길은 전기 레일로, 내리막 길은 그냥 내려갑니다.
중간 휴게소가 있습니다."
삼척 해양 레일바이크,5.0,2016년 5월,연인과 여행함,"좋아요 삼척의 아름다운 해안가를 보며 약 한시간정도 경험하는 레일바이크는 가족이나 커플에게 추천하는 명소.
찾아가기까지 차량이 필요하고 왕복으로 이용하지 않으면 셔틀버스로 최초 승차지역까지 돌아와야 한다는 것이 번거롭지만 좋은 날씨라면 투자한 시간이 아깝지 않고 즐거운 여행이 될것이다."
삼척 해양 레일바이크,5.0,2016년 2월,친구와 여행함,"삼척 레일바이크 삼척에 여행와서 신나게 물놀이후에 찾은 관광명소 삼척 레일바이크~친구들과 즐거운 추억을 만들어준 이곳
추천합니다♡"
삼척 해양 레일바이크,5.0,2015년 12월,가족과 여행함,"좋아요 바닷길을 따라 레일바이크를 탈 수 있어서 행복합니다
약간씩 전동으로 가기 때문에 많이 힘들진 않고요
동굴도 있고 곳곳에 볼거리가 있어 좋아요"
삼척 해양 레일바이크,5.0,2015년 12월,나 혼자 여행함,"시원한 바닷바람 좋음 시원한 바닷 바람이 좋았어요
나중에 계속 페달을 밟으니 좀 힘든곳도 있었네요~~~
바닷가를 바라보며 달리니 너무 이뻣습니다"
삼척 해양 레일바이크,5.0,2015년 11월,,"레일바이크 타기 좋은날!! 이번 여름 휴가는 삼척으로!! 장호항&갈남항 스노쿨링하고 담날 아침에 해양레일바이크 타러 고고~~ 전날 날씨가 흐리고 비가와서 걱정했는데 레일바이크 탈때는 좋았어요!! 중간중간 터널 지나가는것도 좋고, 중간에 휴게소에 내려서 간단히 먹을것도 먹고 너무너무 좋았어요!!"
삼척 해양 레일바이크,3.0,2015년 11월,,"바닷가 옆 철길 여행 바닷가 옆으로 난 철길을 따라 직접 페달을 밟아 바이크를 이동해 갑니다. 동굴도 몇개 지납니다. 종착역에 도착해선 무료 셔틀버스르 타고 시작역으로 되돌아 올수 있습니다. 가족이나 연인과 함께 하기 좋습니다. 미리 인터넷에서 예약, 예매를 해야 할 껍니다."
삼척 해양 레일바이크,4.0,2015년 10월,가족과 여행함,크게 기대 안하고 가서 아주 좋았어요 날씨가 시원했고 아침이었고 여러가지 조건이 좋았어요. 부모님과 함께 어렵지 않게 바이크타고 소나무숲 풍경과 바다 풍경이 어우러져 부모님이 아주 좋아하셨습니다.
삼척 해양 레일바이크,5.0,2015년 6월,가족과 여행함,"즐거운 추억만들고갑니다 부모님과 방문후에 남자친구와 또한번 방문을하고 또 남자친 가족들과 다시한번 총세번을 찾았습니다 갈때마다 새로웠고 해안을따라 아주 멋진 경치를 즐길수 있어서 정말 좋았습니다.
운동도 되고 같은 시간에 방문한 관광객들과 인사도 나누고 중간에 포토존에 찍히는 사진들도 잘나오고 ~ 삼척여행의 필수코스로 꼭추천합니다"
삼척 해양 레일바이크,4.0,2015년 5월,연인과 여행함,"완전좋아용~~♡ 여자친구님의추천으로삼척에위치한해양레일바이크를타러고고씽~~인당10000원?자세히기억이ㅋㅋ~!!암튼가격은즐기기엔저렴했던걸로생각드네요~~날씨가더워서땀좀흘리면서페달을돌리긴했지만다른세계에온듯~~레일바이크를타는코스에한눈에들어오는바다와~~시원한동굴~~정말서울에선쉽게접할수없는관광지인듯합니다ㅋㅋ
부모님모시고오면너무나좋을듯해용~~강력추천합니다~~♡"
삼척 해양 레일바이크,4.0,2014년 7월,,"좋습니다 해변을 옆에 두고 레일바이크를 탈 수 있어서 좋았습니다. 여름이지만 시원한 바다바람 때문에 많이 덥지는 않았고, 중간에 동굴 구간이 있어서 열기를 식힐 수 있어 그렇게 힘들지는 않았습니다. 개인적으로는 정선 레일바이크보다 훨씬 좋았습니다."
삼척 해양 레일바이크,5.0,2018년 8월,연인과 여행함,"장미 공원 안녕하세요, 저는 여기 지역입니다. 로즈 파크는 삼척에서 가장 훌륭한 곳 중 하나입니다. 그것은 많은 장미 유명한 공원입니다. 나는 입학을 생각한다, 당신은 사전에 예약을 할 필요가 없다. 특히 커플에게 추천합니다.
택시로 장미 공원에 갈 수 있습니다. 택시를 탈 수 있고 터미널에서 여기까지 오는 데 10 분이 걸립니다. 또한, 서비스에 약 3, 000 명의 아들이 필요합니다. 레스토랑 근처에는 없다 장미 공원 앞에는 강이있다. 너무 많은 사람들이 추수 감사절을 보내고 있습니다."
삼척 해양 레일바이크,5.0,2017년 5월,연인과 여행함,아주 좋은 타고 정말 유쾌한 터널을 타고 해변을 따라서 몇. 자전거 에 레일 (분명히) 었기 때문에 빨리 당신 앞에 차. 그래서 아래에 좀 느린 것들 입니다.
삼척 해양 레일바이크,5.0,2016년 9월,친구와 여행함,"강력 추천합니다! 친구와 함께 여행을 한다면. 했지만 돈을 주었고 모든 것이 5.4 km의 자전거와 자전거!
더 나은 좌석이 있지만 필요한 거 아닙니다 이 시간 미리 아는 사람들. 관광 센터 갈 수 있도록 예약!
사랑하는 사람들이 운동 하기에 적합한 멋진 전망 (:"
삼척 해양 레일바이크,5.0,2016년 6월,가족과 여행함,"재미를 타고 즐겁고 편안한 여행이 보였습니다. 예약된 시작 시간에 자전거를 타고. 바다가 아름답고 터널을 타고 짜릿한 조명에 있는 음악 /. 볼 것이 많아서, 우리는 정말 기분이 너무 길고 또는 문제 거리가 되지 않았다. 갈, 끝에 갔습니다.

그러나, 주의 의 단어의 소지품 중 타세요. 나는 나의 비싼 레이 밴 선글라스를 내려 걸어 내 셔츠 의 중심부에 있지만 흥분 이 사진을 가지고. 메모리가 슬픈 여행이다. 흐느끼 어 울 다!"
삼척 해양 레일바이크,5.0,2015년 9월,가족과 여행함,"레일 바이크를 따라 동쪽의 바다 블루 코스트의 가족 할 수 있는 레일 바이크 는 마지막 시간을 제외한 미리 예약. 하지만 운이 좋게도 우리는 이 예약할 수 있는 3일 전에 예약을 시도해 보았는데.

다음 코스는 해안을 따라 동에 위치한 바다, 멋진 장면도 있는 터널이 발생할 수 있습니다. 여름 였는데, 아침에 보았는데 1st.

레일 바이크 와 함께 가족 모두 즐겁고 기억에 남는 멋진 해안이 있다. 점에 유의하십시오 인터넷 사이트에서 미리 예약을 해야 합니다."
삼척 해양 레일바이크,5.0,2015년 7월,가족과 여행함,"워크 아웃 과 좋은 경치를 볼 레일 바이크 하는 바다 전망이 매력적인 였습니다. 준비 (여름) 페달 과 땀, 좋은 여행을 하기 위해 조합. 여성. 맥시 드레스 또는 추천하지 않는 긴 치마 가 없는 경우에 있어서 자전거 페달 에게, 남편에게 감사했습니다. 좋은 경험이었지만, 봐야 하는데!"
삼척 해양 레일바이크,5.0,2015년 6월,,"아주 멋진 이는 정말 흥미로운 것은 삼척 을 방문하는 동안. 나는 여행을 할 것이다 모든 것이 그곳, 하지만 경우에, 이것은 정말 아주 멋진, 특히 그룹과 함께 여행하는 경우. 레일은 꽤 긴 길을 따라 갈 수 있는 멋진 터널, 그리고 짧은 휴식을 한 다과 퍼카르복실산 역 사용할 수 있습니다. 가치가 있었어요!"
클럽요트마스터,5.0,2018년 12월,연인과 여행함,"말로 표현할수 없는 감동! 여러분도 느껴보세요. 영상으로만 보아왔던 요트를 직접 경험하게 될 줄이야~!!

오롯이 바람의 힘만으로 바다를 가로지르는 느낌.
기계음 없이 바다위를 미끄러지듯 질주하는 요트위에서 느끼는 고요함..
요트 생각만 해도 가슴이 요동칩니다.

찰랑거리는 바다소리, 귓전을 스치는 바람소리..
더 이상의 표현이 어렵네요.ㅡㅡ.
많은 분들이 요트를 즐길수 있게 되었으면 좋겠네요.

멋진 선장님~ 너무 고납습니다.
강릉의 명물!! 안목항 헤밍웨이호 포레버~~~"
클럽요트마스터,5.0,2018년 12월,나 혼자 여행함,"바다위의 나 만의 섬. .헤밍웨이 이른 새벽 일출을 보고 싶어 떠난 동해. 강릉에 도착해 만난 게
클럽요트마스터의 헤밍웨이호 였습니다. 요트 앞쪽에 앉아 아무
생각없이 바라 본 바다가 참 좋았습니다. 요트가 다시 항으로
돌아오기 위해 뱃머리를 돌릴 때쯤 고개를 드니 멋진 선장님이
웃으며 뒷편에 앉아 계시더군요. 잔잔한 음악에 출렁이는 파도,
그리고 여행객을 마음속 깊이 배려해 주신던 선장님. 바다위에서의 보낸 나만의 시간. 어지럽던 머리 속을 정리해 주고 삶의 활력을
담아준 소중한 시간이었습니다."
클럽요트마스터,5.0,2018년 12월,가족과 여행함,"강릉 가시면 꼭 들러보시길... 돛 두 개에다가 스피네커 세일이라는 풍선 돛를 펴고 바람을 받으며 요트 세일링을 제대로 체험할 수 있었어요, 세일링 외에도 음악, 맥주가 끝내줬어요:) 김흥국 닮으신 선장님이 재밌으셔서 요트 재밌게 타고 즐길 수 있습니다. 강릉가면 한 번 꼭 가보시길..."
클럽요트마스터,5.0,2018년 12월,나 혼자 여행함,"강릉에서 느끼는 바다의 여운 강릉에서 바다를 만나다!!!
무동력의 요트로 바다를 만나보세요!
연인과 함께하면 더욱 좋을 듯이요!
미리 예약하고 가면 더욱 좋을 듯!
강릉에 더 새로운 명소가 생겼네요"
클럽요트마스터,5.0,2018년 12월,친구와 여행함,"여지껏 느껴보지 못한 감동적인 체험이었습니다. 아담하지만 럭셔리하고 낭만적인 헤밍웨이호를 타고 즐긴 요팅! 특히 위트있는 선장님께 들은 요트의 역사 및 스토리들 시간 가는 줄 모르고 즐겼습니다.

겨울 요트의 낭만도 가을 못지 않다고 들어 다시 한번 꼭 들리려고 합니다.

생각보다 멀지 않은 요트 레저 추천 합니다."
클럽요트마스터,5.0,2018년 11월,나 혼자 여행함,"혼자 다녀온 강릉여행, 최고의 트립을 경험했습니다. 요트로 바다를 가로지르니 모든 고민이 사라지는 기분이었습니다. 육지에 있는 사람들이 모두 저를 부러운 눈빛으로 쳐다보고 있었고요.ㅎㅎ 선장님의 친절하신 설명과 함께 세일도 펴보고, 사진도 찍어보고, 맥주와 와인타임도 갖고..등등! 항해시간이 지루해지지 않게 여러 프로그램이 있어서 더 좋았습니다. 저는 파도타기가 제일 재밌었습니다! 워터파크에 온듯한 느낌이었어요. 요트로 하는 파도타기 짱잼!존잼!!
여름에 가면 바다에서 수영도 할 수 있다고 하셨는데 내년 여름에 친구들데리고 꼭 다시 가겠습니다!!!"
클럽요트마스터,5.0,2018년 11월,친구와 여행함,"21세기 최고의 힐링! 친한 동생과 방문했던 강릉 단 하루의 여행이었지만 선장님의 요팅을 체험후 21세기
진정한 힐링을 받았습니다~ 해변에서 바라보는 강릉 바다와 직접 요트위에서 바람을 타고 느끼는 바다는 정말 체험해 보지 않고서는 알수 없는 느낌이었습니다. 더불어 선상위에서의 파도와 페어링된 와인한잔과 선장님의 50년 묵은 좋은 인생얘기들로 힐링 만땅..!
친구와 가족 , 선후배 , 직장동료 어떤 모습으로 경험하시던 절대 후회 되지 않을것 같습니다.
오늘 하루로 멋진 헤밍웨이호와 새로운 분들과 최고의 항해하시기 바랍니다. 화이팅 하세요~!"
클럽요트마스터,5.0,Hwang이 리뷰를 작성했습니다,,최고의 스키퍼와 함께하는 세일링!! 바람의 힘으로 세일링하는 요트에서 마시는 한잔의 커피! 말로 설명할 수 없는 평온함을 느낄 수 있어 너무 좋았습니다. 선장님께서 요트에 대해 설명해주신 것도 좋았구요! 적극 추천 드립니다 :)
클럽요트마스터,5.0,2018년 11월,친구와 여행함,"첫 바다 세일링의 설렘 6월 중순부터 배우던 세일링.
무작정 도전했던 첫 요트조종면허 실기시험 낙방 후 무더위도 잊고 곧 있을 재수를 위해 갔던 첫 바다 세일링이었네요.
포스 넘치는 선장 형님 유쾌하시고 말로만 듣던 요트를 직접 타볼 수 있어 좋았습니다.
바다 속에서 누군가 잡아 당기는 듯한 그 손맛 잊을 수 없고, 그렇게 며칠 후 실기시험에서 합격할 수 있는데 많은 도움이 됐습니다.
바다에 들어가지는 않았으나 수영을 좋아하시는 분들은 세일링과 안목해변에서의 바다수영도 추천하고 싶네요."
클럽요트마스터,5.0,2018년 11월,친구와 여행함,"요트체험 대만족후기 여러나라 다녀보면서 다양한곳에서 요트체험을해봤지만 이번거만큼 재밌었던적은없었어요 같이갔던 친구들 네명모두 너무만족했다고하고 그후 친구중한명은 가족들과같이 다시타러갔다고 하더라구요 가격대비 대만족이었고 내년에 한국나가면 꼭다시타러갈게요
위트있는선장님들 덕에 좋은시간보냈고 다음에또뵈요^^"
클럽요트마스터,5.0,2018년 11월,친구와 여행함,"세계 최고의 선장님!!! 태어나서 이런 경험 흔치 않았습니다
통통배 같이 엔진으로 하는 요트는 타봤으나
세일을 펴고 바람만으로 즐기는 요트는 첫 경험이었습니다
요트의 매력에 흠뻑 빠지게 되었던 계기가 되었습니다
선장님!! 쵝오 감사합니다 ~"
클럽요트마스터,5.0,2018년 11월,나 혼자 여행함,"요트 혼자 여행을 가기 위해 준비하는데 아들이 강원도 안목항에도 요트가 있다고 엄마 한번 타 보시라고해 '그거 비싸지 않아'했더니 아들이 그래두 '한번 타봐'하더라구요 그러면서 예약도 해줘 나홀로 여행가서 설레는 마음으로 요트를 첨 타보는데 정말 매력적이었어요 선장님이 우선 인상이 너무 좋았고 편하게 탈 수 있도록 해 주셨어요
바다 한 가운데 가서 있는데 정말 내가 이렇게 즐겨도 되나 싶을 정도로 요트매력에 빠졌지요 그래 전 다음날 서울에 올라오기전에 한번 더 타려고 예약하고 숙소에 갔는데 요트기억을 잊을 수가 없더라구요 두번째는 여유도 생기고 타서 포즈도 자연스럽게 하게 되어 좋은 사진과 추억도 쌓고 왔네요
선장님이 바다에서 타 주시는 커피도(제가 커피를 잘 안마시는데)너무 맛있게 먹고 사진도 잘 찍어주셔서 잘 타고 다음에 또 타러 온다구 선장님께 인사하고 난 여행을 마무리하고 서울로 돌아왔습니다
정말 요트는 매력적입니다
또 타러 가고 싶어요~~^^"
병방치 스카이워크,4.0,2020년 8월,가족과 여행함,"스카이워크는 기대보단 별로고 다른시설이 좋아요 스카이워크 넘 작아요 ㅠ 볼것도 별로없고..

근데 그외에 자리한 ATV나 짚라인 등의 별도 시설이 아주 좋습니다. 가격이 좀 나가기는 하는데 다 인기가 좋아서 미리 예약하지않으면 매진되어 못타네요 ㄷㄷ

그리고 입구에 무인편의전이 있고, 짚라인 타는곳에 롯데리아도 있어요. 크고 깨끗하고 맛도 좋았습니다.

반대편에는 글램핑장이 크게 있던데 에어컨도 있고 가격도 나름 합리적인게 다음에 한번 묵어보고 싶어요.

생각지도 않았던 시설이라 더 좋았던것 같습니다."
병방치 스카이워크,4.0,2019년 6월,가족과 여행함,"짧은 짚라인 짚라인을 14살 딸이 타고 싶어서 갔습니다. 연휴래서 오래걸리지 않을까 했는데, 그래도 1시간 20분 정도 걸리네요. 짚라인을 타면 병방치 워킹은 무료로 이용할수 있습니다. 저는 병방치에서 사진 찍고 좋았습니다. 정말 한국 지형같은 모습이네요. 짚라인 타기전 앞 동산에 들꽃이 어마어마하게 피어서 거기 앉아서 책읽는것이 좋았네요.
짚라인은 타고 1분 정도 내려오는 주차장이 타는데 에서 15분-20분 걸려서 힘들었습니다. 동영상 촬영 하다가 망하구여. 그냥 사진 찍어줄껄"
병방치 스카이워크,4.0,2018년 10월,친구와 여행함,친구들과 함께.... 멋있는 풍경을 보고 왔습니다. 들어갔다.... 나오는 시간이 정해져 있지는 않지만 사진찍고 나오면... 3분-5분 정도... 이곳에 온 거리에 비해... 보는 시간이 짧아서... 그래도 한번 가서 경치보고 사진찍을만 한 장소인듯합니다.
병방치 스카이워크,4.0,2018년 8월,가족과 여행함,"한번 정도는 가볼만 합니다. 차량으로 올라가니 주차장은 넉넉합니다. 스카이워크는 벌레가 많아서 집중하기 힘들지만 사진 찍기는 좋습니다.
짚라인은 차량때문에 아이들만 탔는데 생각보다 재미있지는 않다고 하네요
차량은 짚라인 도착지에 두고 셔틀버스를 타고 올라가면 가장 좋을것 같습니다."
병방치 스카이워크,4.0,2017년 12월,친구와 여행함,가는 길이 힘들지만 경치로 보상 받는곳 강릉 여행 가는길에 들렀는데 '그냥 한번 들러보자'는 느낌으로 갈 수 있는 곳은 아닌 것 같아요. 스카이워크로 가는 길이 오래 걸리는 길 밖에 없어서 시간이 꽤나 많이 걸렸습니다. 그래도 경치는 좋았어요. 날이 약간 흐렸는데도 멋있다는 기억이 오래 남네요.
병방치 스카이워크,4.0,2017년 11월,가족과 여행함,멋있어요. 돈내고 가기는 좀 아까웟어요.. 2000원인데도요... 바로 옆에 전망대로 가고 같은 뷰를 볼 수 있어요. 유리도 스크래치가 많이나서 완전 투명하지 않아서 덜 무서워요..
병방치 스카이워크,3.0,2017년 11월,가족과 여행함,한반도 지형을 내려다 볼 수 있어요. 우선 입장료가 있어요. 입장료를 내고 들어가면 유리로 된 다리를 통해 한반도 지형을 내려다 볼 수 있습니다. 그런데 그게 끝이에요. 굳이 보러 멀리서 오긴 권하지 않아요. 지나가는 길에 가볼만 한정도에요
병방치 스카이워크,4.0,2017년 3월,연인과 여행함,"무서워죽는줄ㅠ 고소공포증있는데 눈을 못떠서 눈감고 갔다가 끝에서 사진찍고 다시 눈감고 돌아왔어요 ㅋㅋ
아래만 안 보면 괜찮구요 한반도 배경으로 사진 찍어줘야쥬"
병방치 스카이워크,5.0,2016년 8월,나 혼자 여행함,아찔한 풍경이 있는 스카이워크 티비프로그램들을 통해서 익숙한 병방치 스카이워크는 풍경도 좋지만 유리위를 걷는 아찔한 경험이 더 기억에 남는 곳인듯 합니다.
병방치 스카이워크,3.0,2016년 8월,가족과 여행함,"경치는 좋아요. 기념사진 찍고 경치구경하기엔 좋으나...
정말 사진만 찍으면 끝. ㅋ
고소공포증이 없으시다면 아래 유리 바닥으로 보이는 경치도 끝내줌.
유리보호를 위해 들어가기전 신발위에 덧신을 신고 들어간다."
병방치 스카이워크,3.0,2016년 6월,연인과 여행함,그냥 잠깐 경치 구경하기 좋은 곳 무료로 전망대를 이용하는 줄 알았는데 입장료를 받고 있어서 짚라인이 내려가는 곳으로 가서 풍경을 구경하고 왔어요. 풍경은 정말 멋졌는데 굳이 찾아갈 필요는 없고 지나가다 들리면 좋을 것 같아요.
병방치 스카이워크,3.0,2016년 6월,가족과 여행함,"일부러 찾아갈 이유는 없는 곳 스카이워크 하나만 보려고 가는 것은 추천하기 어려운 곳. 스카이워크란 이름이 민망하게 몇걸음 걸으면 끝. 가격이 저렴하기에 다행이긴하지만, 일부러 스카이워크 하나만을 위해서 가는것은 의미 없는 곳."
병방치 스카이워크,4.0,2016년 4월,가족과 여행함,"경치좋고, 공기좋고! 죄송하지만 스카이워크 입장료 내고 들어가 보는것은 개인적으로 비추합니다!
매표소 바로 옆에 짚라인 매표소로 이어지는 데크를 따라 올라가면 전망이 훤히 내려다 보여요.
그렇게 쭈욱 올라가셔서 짚라인 타는 곳에가면 롯데리아랑 안쪽으로 커피숍도 있어요. 밖에서 보면 작은 길따라 동박나무길 전망대도 갈수있고요.
걷는거 좋아하는 분이면 이렇게 다녀오시길 적극 추천합니다. 걷는 거리도 길지않아요. 계단으로 되있어서 딱 적당합니다!"
병방치 스카이워크,3.0,2015년 11월,,가족여행 하이원리조트 방문중 들렸네요~~ 스카이워크 구간이 짧으나 한번쯤은 괜찮은거 같아요~~ 짚라인 타고 내려가는 시설도 있습니다~~
병방치 스카이워크,5.0,2015년 11월,친구와 여행함,한반도 지형을 보기에 좋은 장소입니다. 사실 영월이 원조 한반도 지형이고 정선은 뒤에 생긴곳이지만 오히려 스카이 워크를 설치해서 관광하기에는 정선이 더 좋습니다. 스카이 워크에서 내려다보는 한반도 지형은 아주 아름답구요.
병방치 스카이워크,2.0,2015년 11월,친구와 여행함,너무 비싸요.. 다른곳에서 보세요 강원도에 가면 한반도 지형을 볼수있는 전망대가 몇군데 있습니다. 그중 유명한곳이 정선과 영원인데 이곳정선의 스카이워크는 시설을 잘 해놓기는 했지만 약1분간의 코스를 보는데도 몇천원의 입장료를 받고있습니다. 직원들 불친절은 말할필요도 없구요 그냥 영월에서 보는 한반도 지형이 훨씬 좋습니다. 아무리 시설이 좋아도 관리를 못하고 독점적으로 풍경을 운영한다는점이 좋지 않습니다.
병방치 스카이워크,5.0,2015년 10월,가족과 여행함,"짚와이어 추천합니다. 경치가 좋고, 전망대에서 유리바닥을 밟으면 정말 스릴 넘칩니다. 짚와이어는 생각보다 무섭지 않았지만 가격이 비쌉니다. 하지만 한 번 쯤은 타볼만합니다. 짚와이어를 다 타고 내려오면 액자사진을 구매할 수도 있습니다."
병방치 스카이워크,1.0,2015년 10월,연인과 여행함,굳이 돈내고 갈 필요 없는 곳 투명한 유리로 된 다리를 볼 수 있는 곳인데 가격대비 볼 수 있는 곳이 한정적이라 굳이 요금을 지불하면서 까지 갈 필요는 없다고 생각됩니다.
병방치 스카이워크,3.0,2015년 9월,가족과 여행함,경치가 좋긴 하나 비싸네요. 힘들게 등산을 하지 않아도 드라이브만 해서 올라간 곳에서 바로 돈내고 좋은 경치를 볼 수 있는 것은 좋았지만.. 가격이 비싼 편이라는 생각이 드는 것은 어쩔 수 없네요.
병방치 스카이워크,4.0,2015년 9월,가족과 여행함,"스카이워크 ~짚와이어~ 심장이 쫄깃해지는 스카이워크 구경.
단 사람이 많아 사진찍기 위해 기다리는 시간이 길어져서 긴장감이 조금 떨어졌어요~
발밑을 내려다 볼때매다 심장이 바운스바운스 합니다. 겁이 많으시다면 발밑말고 멀리보세요~

짚와이어를 하시면 스카이워크 공짜~ 짚와이어도 추천드려요 ㅎㅎㅎ"
병방치 스카이워크,3.0,2015년 8월,가족과 여행함,"으악 이용금액이 너무 비쌌어요. 돈 내고 들어갔더니 헉... 경치는 좋았으나, 정작... 스카이워크는 너무 짧았다는.."
병방치 스카이워크,5.0,2013년 11월,,짚와이어 4만원이지만 꼭타봐야함. 너무싄나네여 금요일에가서 사람도적었고. 예약은 3일전 까지가능하지만 전화해서 빈 시간 물어보면 가르쳐줍니다.
병방치 스카이워크,5.0,2018년 3월,가족과 여행함,"멋진 우리는 아시아에서 가장 빠른 가장 긴 점점 짚라인, 가는 죽음을 걱정스러웠지만, 우리는 시작했다 일단 정말 재미 있었어요. 실제로 전혀 무섭지 않습니다. 사람이 큰 하네스 경우 모든 연령 적극 추천합니다."
병방치 스카이워크,3.0,2016년 10월,친구와 여행함,"매우 짧은 요 실제로 이 산의 아름다운 자연과 갑판보기 봅니다. 바닥이 유리로 된 모든 참조를 통해 들어가기 전에 신발 커버를 입어야 합니다. 15분 정도 가 기본적으로 그냥 보다 phototaking. 국립 공원이 인기 있는 지역 주민들이 트레킹을, 야외 활동, 등이 있습니다."
월드헤러터지넷워크,5.0,2015년 10월,,"대한민국의 대표적인 산 지금 이맘때 가면 도시는 가을이지만 이곳은 겨울임.
단풍 구경에 제격인곳 더불어 속초에 들러 관광도 추천 함
각 계절마다 방문하면 계절마다의 설악산의 정취를 느낄수 있음
아름다운 산"
월드헤러터지넷워크,5.0,2017년 12월,연인과 여행함,"마침내 우리는 설악산에서 ""AVATAR""계곡을 보았습니다. 세계 유산 네트워크 덕분에! 우리가이 국립 공원에가는 이유는 최근에 Youtube에서 크게 승격 된 설악산 국립 공원에서 천불동 계곡이라는 진정한 '아바타 계곡'을보기를 희망했기 때문입니다. 나는 Youtube의 비디오를 보았을 때 눈을 믿을 수가 없었습니다. 슬로우 모션으로이 계곡의 계단과 통로를 따라 단풍의 아름다운 색상을 보여주었습니다. 유튜브 (YouTube)에서 '설악산 국립 공원의 아바타 계곡'이라는 짧은 비디오를 보셔야합니다. 실생활에서이 계곡을보기 위해 설악산에 와서 놀라게 될 것입니다.

설악산 국립 공원으로의 여행은 서울에서 차로 2 시간 이상 걸립니다. 우리는 10시 전에 도착했다. 엠. 이미 공원 입구에 교통 체증이 발생했습니다. 외국인 관광객을 제외하고, 박찬호는 가족과의 관계에서 벗어나 성격을 감추는 현지인들로 가득했다. 활발한 노인들이 하이킹을 위해 완비되었습니다. 우리 가이드, 다니엘, 세계 유산 네트워크에서 그것은 절기가 없더라도 절정기이다. 그리고 그것은 겨울 전에 여기에 오기 완벽한 타이밍이다.

설악산의 산맥과 공원 중심부의 강물에 둘러싸인 풍경이 멋졌습니다. 다니엘에 따르면 설악산 국립 공원은 내외부 산으로 이루어져있다. 공원의 경치와 풍경을 형성 한 설악.

가을의 멋진 색상을 제외하고 케이블카를 탑승하고 숨 막힐듯한 경치를 즐기거나 초보자와 전문가 모두를위한 하이킹 트랙 수가 많아서 하이킹을 선택하실 수 있습니다.

그렇다면 우리가 오랫동안 기다렸던 주요 attracton이 마침내 우리의 시야 안에 있습니다. Daniel은 우리를 Biseondae Rock으로 트레킹 한 천불동 계곡으로 안내했습니다. 그 다음 거의 여행을하지 않고 여행하고 난 후에 우리는 강과 바위를 따라 몇 개의 계단과 보도를 기어 올라야하는 지점에 도착했다. 이 지점에서 우리는 상기 비디오에 나타난 정확한 지점을 발견하고 산책로를 따라 누워있는 여러 가지 색의 잎을 보았습니다. 그리고 그것은 천국의 세계에서 걷는 것과 같았습니다. 사실, 동영상에 표시된 그대로 였으므로 영화에서와 마찬가지로 '아바타'계곡을 따라 걷고 있다고 느꼈습니다. 이 지점은 매우 불가사의 롭다. 그래서 우리는 한 시간 동안 나무 한 구석에 앉아서 점심을 먹으러 샌드위치를 먹었다. 우리가 남은 생애를 항상 소중히 간직 할 수 있었던 것은 잊지 못할 순간이었습니다.

불행히도, Daniel에 따르면, 적절한 색상과 분위기를 지닌 경관의 아름답고 아름다운 경치는 가을철에만 단풍이 색을 바꿀 때가 될 것입니다. 많은 사람들이 설악산 국립 공원의 천불동 계곡에서 아름다운 ""아바타""경관을 볼 수있는시기에 올 수있는 축복을 누리지 못했습니다. 나에게 비록 잘못된 계절에 왔을지라도 여전히 탐험할만한 곳이다. 설악산 국립 공원은 세계의 모든 등산객을위한 진정한 모험입니다.

저는 우리가보고 싶었던 ""아봐타""계곡의 정확한 지점과 우리의 휴가를 위해 한국에서이 아름다운 산을 추천 한 월드 헤리티지 네트워크 (World Heritage Network) 여행 책임자 인 룬 (Rorne)에게 우리의 훌륭한 가이드가되어 주신 Daniel에게 감사드립니다. 우리 여행을 너무 잘하고 효율적으로 정리하는 것을 포함해서. 위대한 일꾼들!"
월드헤러터지넷워크,5.0,2017년 3월,연인과 여행함,"저는 이곳을 사랑합니다 아름다운 풍경, 올 때는 무거운 내립니다. 곤돌라를 타고 산 꼭대기에 있는 아주 아름다운."
월드헤러터지넷워크,5.0,2016년 10월,가족과 여행함,"하지만 놀라운 준비 운동! 서울에서 3시간 해 민간 교통 정보 였습니다. 권금성 여행의 하이라이트 였습니다. 우리는 약 20분 정도 케이블카 및 다음 걸어 요새. 그 작은 노인 이 한 경우는 하지만 전망은 최고!

그런 다음 추적 비룡 폭포가 되는 것으로 2. 한 느낌이 더 있는 4 km! 놀라 울 정도로 디톡싱에 공용 화장실 가는 길. 놀라운 현수교 중 가장 높은 정말! ! 니 가 적은 경로에 정의된 경우 적절한 신발 이나 하이킹 신발 보안을 강화할 수 있습니다. 일부 경우에 간단한 팩도 배가 고프다!"
월드헤러터지넷워크,5.0,2015년 10월,,"오랜 좋은 결정하는 산. 설악의 계절 가을. 하지만 색만 변경했지만 아주 아름다운 사이트. 길을 따라서 공원 자체는 아주 상쾌했습니다.

기본 설정을 선택할 수 있는 추적하기. 음식 역시 사용할 수 있습니다."
춘천 물레길,4.0,2019년 10월,나 혼자 여행함,의암호 따라.. 의암호 따라 춘천에 둘레길로 조성된 곳입니다.평일에 오면 정말 한적하도 호수를 바라보며 힐링 할 수 있는 분위기 입니다.시간 나면 방문 해 볼만한 가치가 있습니다.
춘천 물레길,5.0,2016년 8월,가족과 여행함,"춘천물레길 카누여행하는 곳 춘천에서 힐링할 수 있는 물레길
안전하게 즐길 수 있는 곳

우리가족이 다같이 카누를 타고 즐기고 2층 카페에서 무료 아메리카노 한잔

1층 교육장에서 안전교육..... 누구나 즐길 수 있는 카누

너무좋아요. ^^"
춘천 물레길,5.0,2019년 3월,연인과 여행함,평화로운 활동 우암 호수 (Uiam Lake)의 잔잔한 바다에서의 평화로운 활동. . . 직원들은 기본을 실행하고 호수 주변을 노로 저을 때 약 40 분이 걸립니다. . .
춘천 물레길,5.0,2018년 7월,친구와 여행함,"당신의 마음을 완벽한 장소! 카누 동안 그 주변의 자연을 즐기며 스트레스를 덜어줄 수 있습니다. 카누 시작하기 전에, 직원들은 것이 모든 안전 규정을 전에 가르칠 것이다. 너무 걱정하지 마세요! 정말 안전합니다. 직원들이 둘러 싸고 서서 어려운 것이 도움이 될 수 있을 것입니다. 편안한 옷이 좋습니다!"
동강 래프팅 - 당일 투어,4.0,2018년 8월,,"좀 힘들긴 했지만 재밌어요 래프팅 처음 해봤는대 생각보다 힘드네요
중간에 더워서 수영도 하고 아래쪽으로 내려갈수록
노를 젓는 일이 잦아지다 보니 그런거 같아요
2-3시간 정도 걸리는 거 같고 준비하고 마무리 하는 거 하면 최소 4시간 일정으로 잡아야 해요
강사님 말씀으로는 7월 말이나 8월 초에는
물이 많아서 1시간 정도로 가능하다고 하더라구요"
동강 래프팅 - 당일 투어,5.0,2016년 7월,,"동강 래프팅 동강은 물살이 잔잔해서 초보자에게 적합한 코스입니다. 다이나믹한 래프팅을 원하는 사람에게는 다소 지루할 수 있지만, 가족단위 레저로는 적합합니다."
동강 래프팅 - 당일 투어,5.0,2015년 9월,가족과 여행함,"래프팅은 동강이지~ 동강 레프팅 강추예요~
거의 몇년간 여름에는 주말마다와서 레프팅을 했었는데
완만하고 긴 거리가 매력입니다.
개인적으로는 비오는 날 하는 레프팅이 최고예요~ 비온다고 망설이지 마세요~~"
동강 래프팅 - 당일 투어,4.0,2019년 6월,나 혼자 여행함,처음 서까래에 좋습니다 !! 뗏목으로가는 것은 나의 처음이었다. 그리고 그것은 멋졌다. 나는 뗏목으로가는 것이 더 도전적 일 것으로 예상했다. 그러나 그것은 내가 생각했던 것보다 실제로 더 조용했다. 그리고 그것은 전혀 무섭지 않았다. 이 래프팅 강은 매우 평온하고 부드럽습니다. 매우 매끄러운 항해를 좋아하는 사람이라면 누구나 쉽게 이용할 수 있습니다. 강에는 약 두 개의 내리막 길이있어 강가로 빨리 내려갈 때 재미가 있습니다. 중도에서 수영하기에 좋은 곳이기도합니다. 전체적으로 좋았습니다.
죽도해수욕장,4.0,2019년 2월,나 혼자 여행함,"서핑샵이 많은 만큼 사람도 많다 파도가 좋은날 주말서퍼들로 항상 북적이는 곳, 의외의 강한파도에 당황할수도 있다. 주변 음식점이 진짜 비싸서 편의점 가는 것을 추천합니다."
죽도해수욕장,4.0,2018년 8월,친구와 여행함,"청춘이 모여 놀기는 괜찮다. 파도가 드세었던 지난 주말, 그 어떤 동해의 해수욕장도 서핑을 허용하지 않았는데 죽도 해수욕장만 가능했다.
젊고 예쁜 분위기의 서핑샵과 게스트하우스가 해변 바로 앞에 즐비해서 놀기가 좋다. 유료이기는 해도 파라솔을 겸비한 테이블들이 바닷가 바로 옆에 있어서 술마시며 밤의 바다를 즐기기에도 좋다.

다만 해수욕은 조금 어려울 수 있다.
바다가 좁고 해변도 좁고 서퍼들로 가득하다. 사이사이 거대 바위가 있는 좀 위험하다.

해수욕을 즐기는 사람이라면 서핑 구간과 해수욕 구간을 분리한 부표줄에 주의하자. 나는 물가에 서있다가 그 줄이 발목이 감겨 다쳤다ㅠㅠ"
죽도해수욕장,5.0,2018년 7월,친구와 여행함,"이국적인 매력이 있는 서프 스팟 우리나라의 서프 스팟 중 한 곳으로 많은 서퍼 샵들이 밀집해있다. 하지만 그렇다고 아주북적북적대는 분위기는 또 아니라 매우 좋다. 한적하고, 주변에 있는 서퍼샵, 밥집, 카페 등이 이국적인 분위기를 잘 만들어낸다."
죽도해수욕장,5.0,2018년 7월,친구와 여행함,서핑을 위한 대한민국 최고의 장소와 서핑스쿨 서프오션 죽도점을 추천합니다! 푸른바다와 넘실대는 파도 최고의 강사진으로 마음껏 즐기고 놀고 싶은 열정 가득한 그대들이여 이번주말은 서프오션으로 !!!!
스마트코리아 - 프라이빗 설악산 당일투어,5.0,2016년 5월,나 혼자 여행함,"멋진 여행 멋진 여행!

친구들과 함께 재밌는 것이다. 어쨌든, justin이란 직원이 참 친절하고 최고 최고.
그는 한 그의 집에 있는 것을 확인하게 만드는 최고의 편안함을 느끼지 않을 수도 있고 안전 하 속초시 주변을 여행하는 중.
그는 저에게 개인 투어 가이드의 친절한 곳이다.
음식도 먹고, 뒷마당 에서 바비큐를 먹은 빌라!
다시 여기에 머무는 친구들과!
이 곳은 정말 최고!"
동강레포츠,5.0,2016년 8월,친구와 여행함,"동강 상류에서 즐기는 최고 동강 레포츠의 래프팅 올 여름 피서를 동강레포츠를 통했다. 강원도에서도 깊숙한 산골마을. 마하리,문희마을 등. 강원도의 깊은 오지체험을 할 수 있는 곳이다. 큰 모험을 즐기지 않음에도 레프팅은 아주 재미가 있었다. 물속에 빠트리는 재미, 옆 팀과 물싸움 하기, 너무나 시원한 자연 용출장에서 잠시 놀기 등. 그것뿐 아니다. 이 주변에는 꼭꼭 숨어 있다가 몇년전에 몸을 드러낸 백룡동굴이 있으며, 마하리라는 산촌체험마을도 있다. 짚라인이 있었지만 담력이 약해 그것은 도전하지 못했다. 저녁에는 같이 간 지인들과 함께 캐러반을 빌려 놀았다. 올 여름 휴가는 영원히 잊지 못할 추억을 간직했다."
